prompt,result
如非肺炎病例，宜用宽大胶布条紧缠患部以减少其呼吸动作或给镇咳剂抑制咳嗽。,"[{'type': 'Disease', 'response': ['None']}, {'type': 'Drug', 'response': ['宽大胶布条', '镇咳剂']}, {'type': 'Symptom', 'response': ['None']}]"
动态肾显影还可作为肾血管性高血压的初筛方法，肾血管性高血压多为单侧肾动脉狭窄，典型表现为患侧肾血流灌注不良肾静态显像静脉注射能够聚集并滞留在肾实质内的显像剂（如99mTc-DMSA和99mTc-GH等），取后位进行肾区静态显像，所得影像即为肾实质影像。,"[{'type': 'Disease', 'response': ['单侧肾动脉狭窄', '肾血管性高血压']}, {'type': 'Drug', 'response': ['99mTc-GH', '99mTc-DMSA']}, {'type': 'Symptom', 'response': ['None']}]"
直接法是将99m</sup>TcO4</sub>-</sup>148MBq（4mCi）经导尿管注入膀胱内，然后用生理盐水缓缓灌注，待膀胱充盈完全后用力排尿，在此过程中，用γ相机以1～2秒一帧的速度连续照相，无论在充盈期或γ相机，输尿管或肾内有放射性出现，即可诊断为膀胱尿反流。,"[{'type': 'Disease', 'response': ['膀胱尿反流']}, {'type': 'Drug', 'response': ['99m</sup>TcO4</sub>-</sup>148MBq（4mCi）']}, {'type': 'Symptom', 'response': ['None']}]"
对另一组18例蛋白尿1～2g/d的IgA肾病也采用皮质激素治疗，同时以42例使用双嘧达莫及吲哚美辛的IgA患者作对照，治疗组在稳定肾功能及降压蛋白尿方面明显优于对照组。,"[{'type': 'Disease', 'response': ['蛋白尿', 'IgA肾病', '蛋白尿1～2g/d']}, {'type': 'Drug', 'response': ['吲哚美辛', '双嘧达莫']}, {'type': 'Symptom', 'response': ['None']}]"
（四）鱼油IgA肾病患者缺乏必需脂肪酸，而鱼油（fishoil）可补充必需脂肪酸，从而防止早期的肾小球损害。,"[{'type': 'Disease', 'response': ['肾小球损害', 'IgA肾病']}, {'type': 'Drug', 'response': ['鱼油', 'fishoil']}, {'type': 'Symptom', 'response': ['None']}]"
早在1984年Hamazaki收集20例IgA肾病患者做了初步研究，治疗组接受鱼油治疗1年，肾功能维持稳定，而未接受鱼油的对照组，则显示血浆肌酐清除率的降低。,"[{'type': 'Disease', 'response': ['IgA肾病']}, {'type': 'Drug', 'response': ['鱼油']}, {'type': 'Symptom', 'response': ['None']}]"
（五）其他Copp最近组织了一个为期6年的前瞻多中心双盲随机对照研究，以探讨长效服用贝那普利（benazepril），0.2mg/（kg•d），对中等程度蛋白尿、肾功能较好的儿童和青年IgA肾病患者的治疗功效，试验于2004年已完成。,"[{'type': 'Disease', 'response': ['中等程度蛋白尿', '肾功能', 'IgA肾病']}, {'type': 'Drug', 'response': ['benazepril', '贝那普利']}, {'type': 'Symptom', 'response': ['None']}]"
以往有人采用苯妥英钠5mg/（kg•d）治疗IgA肾病，发现可降低血清中IgA及多聚IgA水平，且血尿发作次数减少，但循环免疫复合物未减低，且远期疗效不肯定，近年已很少使用。,"[{'type': 'Disease', 'response': ['IgA肾病']}, {'type': 'Drug', 'response': ['苯妥英钠']}, {'type': 'Symptom', 'response': ['None']}]"
高热以物理降温为主，体温过高、中毒症状重者给予地塞米松，每次0.2～0.4mg/kg，每4～6小时一次，疗程2～3天或热退即停。,"[{'type': 'Disease', 'response': ['中毒']}, {'type': 'Drug', 'response': ['地塞米松']}, {'type': 'Symptom', 'response': ['None']}]"
本期因血液浓缩，不宜用全血；②纠正酸中毒：1.4%～2.5%碳酸氢钠静脉注射或静脉滴注，至酸中毒纠正为止；③强心剂应用：在血容量基本补足情况下，心率仍快则可给予毛花苷丙或毒毛花苷K；④血管活性药物应用：血容量补足，血压仍不稳定者可选用血管活性药物，如多巴胺、间羟胺、异丙基肾上腺素或山莨菪碱等。,"[{'type': 'Disease', 'response': ['酸中毒']}, {'type': 'Drug', 'response': ['毒毛花苷K', '间羟胺', '血管活性药物', '多巴胺', '毛花苷丙', '山莨菪碱', '全血', '强心剂', '异丙基肾上腺素']}, {'type': 'Symptom', 'response': ['None']}]"
（三）胃食管反流由于解剖结构的原因，也有医源性因素（如应用氨茶碱、β受体兴奋药等）可以引起胃食管反流，在婴幼儿尤为多见，它是导致喘息反复不愈的重要原因之一。,"[{'type': 'Disease', 'response': ['喘息', '胃食管反流']}, {'type': 'Drug', 'response': ['氨茶碱', 'β受体兴奋药']}, {'type': 'Symptom', 'response': ['None']}]"
哮喘患儿可能由于气道上皮破坏，神经末梢暴露或其他原因，使胆碱能神经的张力及反射加强，是引起气道高反应的重要因素之一；临床常用的抗胆碱能药物主要为阿托品和溴化异丙托品。,"[{'type': 'Disease', 'response': ['气道高反应', '哮喘']}, {'type': 'Drug', 'response': ['溴化异丙托品', '阿托品', '抗胆碱能药物']}, {'type': 'Symptom', 'response': ['None']}]"
阿托品为叔胺类复合物，脂溶性强，容易从黏膜吸收，可以口服给药；但由于其体内分布广泛，系统性不良反应较多；而且可以进入血脑屏障，引起疲劳、烦躁、头痛症状，目前已很少用于哮喘的治疗。,"[{'type': 'Disease', 'response': ['哮喘']}, {'type': 'Drug', 'response': ['阿托品', '口服给药', '茎胺类复合物']}, {'type': 'Symptom', 'response': ['疲劳', '烦躁', '疲劳、烦躁', '系统性不良反应', '头痛']}]"
呕吐常发生在生后2～3周，呈间隙性，可为喷射状，呕吐物不含胆汁，与幽门肥厚性狭窄较难鉴别，试用1∶1000阿托品可缓解。,"[{'type': 'Disease', 'response': ['幽门肥厚性狭窄']}, {'type': 'Drug', 'response': ['阿托品']}, {'type': 'Symptom', 'response': ['None']}]"
对胃十二指肠、小肠部位的先天畸形，钡餐造影可帮助诊断，须注意检查结束时应洗胃，将胃内钡剂洗出，防止呕吐时钡剂。,"[{'type': 'Disease', 'response': ['胃十二指肠、小肠部位的先天畸形']}, {'type': 'Drug', 'response': ['胃内钡剂']}, {'type': 'Symptom', 'response': ['None']}]"
2.洗胃对咽下综合征可先洗胃，用温生理盐水，一般洗2～3次即可，如洗胃后仍呕吐，应考虑其他疾病。,"[{'type': 'Disease', 'response': ['咽下综合征']}, {'type': 'Drug', 'response': ['温生理盐水']}, {'type': 'Symptom', 'response': ['None']}]"
多巴胺小剂量时可改善肾脏功能，剂量加大可增强对心脏的作用，但也可引起外周血管阻力增加，并有可能致心律失常。,"[{'type': 'Disease', 'response': ['心律失常']}, {'type': 'Drug', 'response': ['多巴胺']}, {'type': 'Symptom', 'response': ['None']}]"
多巴酚丁胺致心律失常作用较弱，但有报道因可引起肺动脉楔压升高而致肺水肿。,"[{'type': 'Disease', 'response': ['肺水肿', '心律失常', '肺动脉楔压升高']}, {'type': 'Drug', 'response': ['多巴酚丁胺']}, {'type': 'Symptom', 'response': ['None']}]"
地高辛为可长期应用的经典心肌收缩力增强药物，但在危重病例，因心肌损害严重及肾功能减退，应减量慎用。,"[{'type': 'Disease', 'response': ['心肌损害', '肾功能减退']}, {'type': 'Drug', 'response': ['地高辛']}, {'type': 'Symptom', 'response': ['None']}]"
参考文献1.秦梅，樊绍曾.亚低温和非氨酯对新生鼠缺氧缺血性脑损伤的保护作用.中华儿科杂志，2001，3（1）：11-112.MhairiGMacDonald，MarthaDMullett，MaryMKSeshia.Neonatology，PathophysiologyandManagementoftheNewborn.6<sup>th</sup>ed.LippincottWilliams＆Wilkins，Phladelphia，20053.BattinMR，DezoeteJA，GunnTR，etal.Neuro-developmentaloutcomeofinfantstreatedwithheadcoolingandmildhypothermiaafterperinatalasphyxia.Pediatrics，2001，107（3）：480-4844.BehrmanRE，KliegmanRM，JensonHB，etal.NelsonTextbookofPediatrics.17<sup>th</sup>ed.SciencePress，Harcourt2.AsiaandSaunders，20045.DaniC，MartelliE，RubaltelliFF.ProphylaxisofgroupBbetahemolyticstreptococcalinfections.ActaBiomedAteneoParmense，2000，71（Suppl1）：541-5416.HansenT.Guidelinesfortreatmentofneonataljaundice，Isthereaplaceforevidence-basedmedicine？,"[{'type': 'Disease', 'response': ['缺氧缺血性脑损伤', '肾炎', '轻度hypothermia', '肝炎', '轻度groupBbetahemolyticstreptococcalinfections', '肺炎']}, {'type': 'Drug', 'response': ['非氨酯']}, {'type': 'Symptom', 'response': ['None']}]"
Actapaediatr，2001，90：239-2397.LevitonA，DammanO.Braindamagemarkersinchildren.Neurobiologicalandclinicalaspects.ActaPaediatr，2002，91：9-98.MeeganME，ConroyRM，LengenySO，etal.Effectonneonataltetanusmortalityafteraculturally-basedhealthpromotionprogramme.Lancet，2001，358：640-6419.MoisejrKJ.Non-anti-Dantibodiesinred-cellalloimmunization.EurJObstetGynecolReproBiol，2000，92：75-8110.OhlsRK.Theuseoferythropoietininneonates.ClinPerinatol，2000，27（3）：681-69611.RavelliAM，TobanelliP，VolpiS，etal.Vomitingandgastricmotilityininfantswithcow`smilkallergy.JPediatrGastroenterolNutr，2001，32（1）：59-6412.WarnerL，RochatRW，FichtnerRR，etal.Missedopportunitiesforcongenitalsyphilispreventioninanurbansoutheasternhospital.SexTransmDis，2001，28（2）：92-9213.WhitelawA.Systematicreviewoftherapyafterhypoxic-ischaemicbraininjuryintheperinatalperiod.SeminNeonatol，2000，5（1）：33-4014.EuroNeoStatAnnualReportforVeryLowGestationalAgeInfants2006.TheENSProject.HospitaldeCruces，UnidadNeonatal5-D，PlazadeCrucess/n，48903Barakaldo，Spain.Info.euroneonet@euskalnet.net15.ShenY，YuHM，YuanTM，etal.Erythropoietinattenuateswhitematterdamage，proinflammatorycytokineandchemokineinductionindevelopingratbrainafterintrauterineE．coliinfection.Neuropathology，2009，29（5）：528-52816.VolpeJJ.Braininjuryinprematureinfants：acomplexamalgamofdestructiveanddevelopmentaldisturbances.LancetNeurol，2009，8：110-11017.DengW，PleasureJ，PleasureD，etal.ProgressinPeriventricularLeukomalacia.ArchNeurol，2008，65：1291-129118.俞惠民.围生期宫内感染与新生儿脑白质损伤.实用儿科临床杂志，2005，20（8）：725-72519.StraussmanSharon，Levitsky，LynneL.Neonatalhypoglycemia.CurrentOpinioninEndocrinology，Diabetes＆Obesity，2010，17（1）：20-2020.Committeeonfetusandnewborn，AAP，Committeeonobstetricpractice，ACOG.UseandabuseoftheApgarscore.Pediatrics，1996，98（1）：141-14121.中国新生儿复苏项目专家组.新生儿窒息复苏指南（2007北京修订）.中国儿童保健杂志，2010，18（5）：439-44222.王来栓，倪锦文，周文浩.先天性梅毒的流行病学和诊断治疗现状.ChinJEvidBasedPediatr，2010，5（1）：6423.杜立中，魏克伦，孙眉月.新生儿持续肺动脉高压诊疗常规.中华儿科杂志，2002，40：438-43924.ChambersCD，DiazSH，VanMarterLJ.Selectiveserotonin-reuptakeinhibitorsandriskofpersistentpulmonaryhypertensionoftheneoborn.NEnglJMed，2006，354：579-57925.TiskumaraR，FakhareeSH，LiuCQ，etal.NeonatalinfectionsinAsia.ArchDisChildFetalNeonatalEd，2009，94：144-14426.VergnanoS，SharlandM，KazembeP，etal.Neonatalsepsis：aninternationalperspective.ArchDisChildFetalNeonatalEd，2005，90：220-22027.欧阳颖，梁立阳，苏浩彬，等.新生儿败血症病原学分析.中国新生儿科杂志，2007，22：302,"[{'type': 'Disease', 'response': ['围生期宫内感染', '新生儿脑白质损伤', '肺动脉高压', '新生儿窒息', '先天性梅毒', '新生儿持续肺动脉高压', '败血症', '脑白质损伤']}, {'type': 'Drug', 'response': ['Actapaediatr，2001，90：239-2397.LevitonA，DammanO.Braindamagemarkersinchildren.Neurobiologicalandclinicalaspects.ActaPaediatr，2002，91：9-98.MeeganME，ConroyRM，LengenySO，etal.Effectonneonataltetanusmortalityafteraculturally-basedhealthpromotionprogramme.Lancet，2001，358：640-6419.MoisejrKJ.Non-anti-Dantibodiesinred-cellalloimmunization.EurJObstetGynecolReproBiol，2000，92：75-8110.RavelliAM，TobanelliP，VolpiS，etal.Vomitingandgastricmotilityininfantswithcow`smilkallergy.JPediatrGastroenterolNutr，2001，32（1）：59-6412.WarnerL，RochatRW，FichtnerRR，etal.Missedopportunitiesforcongenitalsyphilispreventioninanurbansoutheasternhospital.SeminNeonatol，2000，5（1）：33-4014.EuroNeoStatAnnualReportforVeryLowGestationalAgeInfants2006.TheENSProject.HospitaldeCruces，UnidadNeonatal5-D，PlazadeCrucess/n，48903Barakaldo，Spain.Info.euroneonet@euskalnet.net15.ShenY，YuHM，YuanTM，etal.Erythropoietinattenuateswhitematterdamage，proinflammatorycytokineandchemokineinductionindevelopingratbrainafterintrauterineE．coliinfection.Neuropathology，2009，29（5）：528-52816.VolpeJJ.Braininjuryinprematureinfants：acomplex']}, {'type': 'Symptom', 'response': ['None']}]"
【诊断与鉴别诊断】病史及体检1.血尿有关病史既往有无肉眼血尿发作史和常规尿检查史；家族中有无肾脏病史及尿毒症者、有无耳聋患者；发病有无前驱感染及诱因；有无发热、皮疹、关节肿痛，便血或咯血史；抗生素、磺胺类药物及环磷酰胺等药物应用史。,"[{'type': 'Disease', 'response': ['肾病', '肾脏病', '便血', '皮疹', '关节肿痛', '发热', '咯血', '尿毒症', '耳聋']}, {'type': 'Drug', 'response': ['环磷酰胺', '磺胺类药物']}, {'type': 'Symptom', 'response': ['None']}]"
5.代谢性碱中毒合并呼吸性酸中毒发生代谢性碱中毒的原因与长时间应用碱液、呋塞米、甘露醇、肾上腺皮质激素等药物，吐泻引起的低钾，机械通气掌握不当，以及肾脏调节慢等有关。,"[{'type': 'Disease', 'response': ['代谢性碱中毒', '呼吸性酸中毒']}, {'type': 'Drug', 'response': ['肾上腺皮质激素', '甘露醇', '呋塞米']}, {'type': 'Symptom', 'response': ['None']}]"
OI=30～40，严重呼吸衰竭伴有肺动脉高压和肺外右向左分流，有吸入一氧化氮，体外膜肺等特殊呼吸治疗、生命支持治疗指征。,"[{'type': 'Disease', 'response': ['呼吸衰竭', '肺动脉高压']}, {'type': 'Drug', 'response': ['一氧化氮']}, {'type': 'Symptom', 'response': ['None']}]"
比如在吸入30%～40%氧后30～60分钟，患儿PaO<sub>2</sub>＞8kPa，有可能为呼吸功能不全。,"[{'type': 'Disease', 'response': ['呼吸功能不全']}, {'type': 'Drug', 'response': ['氧']}, {'type': 'Symptom', 'response': ['None']}]"
CPAP装置供氧浓度连续可调（21%～100%），气流流量可变（0～12L/min），并具有供气压力上限报警和安全卸压（11cmH2</sub>O）阀门装置，在治疗中可以保持供气压力稳定，显著提高使用的安全性和有效性，减少气胸等并发症，尤其适用于<1500g体重的早产儿和极低出生体重儿。,"[{'type': 'Disease', 'response': ['气胸', '早产儿', '极低出生体重儿']}, {'type': 'Drug', 'response': ['气流流量']}, {'type': 'Symptom', 'response': ['None']}]"
严重呼吸衰竭时伴有肺动脉高压者，可以吸入一氧化氮（NO），高频振荡通气（HFOV）也可以治疗早产儿RDS，在缺乏肺表面活性物质制剂或常频机械通气效果不良时选用HFOV，可能迅速改善通气障碍，缩短呼吸机治疗时间，并降低CLD发生危险性。,"[{'type': 'Disease', 'response': ['呼吸衰竭', 'RDS', '早产儿', '肺动脉高压', 'CLD']}, {'type': 'Drug', 'response': ['常频机械通气', '肺表面活性物质制剂', '一氧化氮', 'NO', 'HFOV']}, {'type': 'Symptom', 'response': ['None']}]"
在有肺动脉高压时，目前不主张用全身性扩张血管药物，因可造成全身血管舒张导致低血压。,"[{'type': 'Disease', 'response': ['低血压', '肺动脉高压']}, {'type': 'Drug', 'response': ['全身性扩张血管药物']}, {'type': 'Symptom', 'response': ['None']}]"
（五）营养在RDS急性期不给予脂肪乳剂，因脂肪乳剂会对于低氧性肺血流下降产生不利影响。,"[{'type': 'Disease', 'response': ['RDS']}, {'type': 'Drug', 'response': ['脂肪乳剂']}, {'type': 'Symptom', 'response': ['None']}]"
3.表面活性物质救治性（rescue）治疗RDS的指征对于已经出现RDS临床征象的早产儿，可以在机械通气下气道滴入100～200mg/kg，并调节呼吸机参数，保持合适的通气压力，避免出现气漏等并发症。,"[{'type': 'Disease', 'response': ['RDS', '早产儿']}, {'type': 'Drug', 'response': ['表面活性物质']}, {'type': 'Symptom', 'response': ['None']}]"
疗效不佳的原因，除了表面活性物质制剂本身外，主要与RDS肺内有肺表面活性物质耗竭，缺氧对肺泡组织细胞合成肺表面活性物质的抑制，肺泡毛细血管高通透性致大量血浆蛋白渗出，抑制内源性肺表面活性物质活性有关。,"[{'type': 'Disease', 'response': ['RDS']}, {'type': 'Drug', 'response': ['表面活性物质制剂']}, {'type': 'Symptom', 'response': ['None']}]"
地塞米松治疗在出生后第4周开始，0.25mg/kg，一天2次，每1～2天剂量减半至0.01～0.02mg/kg，一天2次，总疗程在5～7天，以尽量减少皮质激素的不良反应，如高血糖、消化道出血、肾上腺皮质功能抑制、败血症、生长迟缓等。,"[{'type': 'Disease', 'response': ['消化道出血', '败血症', '高血糖', '生长迟缓', '消化道出血', '肾上腺皮质功能抑制', '皮质激素的不良反应']}, {'type': 'Drug', 'response': ['地塞米松']}, {'type': 'Symptom', 'response': ['None']}]"
【临床表现】本病一般可分为四种类型：（一）新生儿高胆红素血症新生儿红细胞G-6-PD缺乏时可受外源性或内源性氧化剂作用诱发或自发发生新生儿溶血症，导致高胆红素血症。,"[{'type': 'Disease', 'response': ['高胆红素血症', '新生儿溶血症', '新生儿高胆红素血症', '新生儿红细胞G-6-PD缺乏']}, {'type': 'Drug', 'response': ['None']}, {'type': 'Symptom', 'response': ['None']}]"
（三）药物诱发溶血性贫血服用具有氧化作用的药物如：①乙酰苯胺（acetanild）、氨基比林等退热药；②伯氨喹、扑疟喹等抗疟药；③磺胺类药物；④其他如呋喃唑酮、呋喃坦丁、萘（naphthalene）、苯肼等可引起溶血。,"[{'type': 'Disease', 'response': ['溶血', '溶血性贫血']}, {'type': 'Drug', 'response': ['苯肼', '呋喃唑酮', '呋喃坦丁', '萘', '苯磺', '萘肼', '莫西沙星', '伯氨喹', '氨基比林', '退热药', '抗疟药', '乙酰苯胺', '磺胺类药物', '肾氨氯喹', '奎诺酮']}, {'type': 'Symptom', 'response': ['None']}]"
（四）感染诱发的溶血性贫血G-6-PD缺乏患儿，在有些病毒和细菌感染如急性传染性肝炎、传染性单核细胞增多症、上呼吸道感染、肺炎、败血症、肠炎、菌痢、伤寒等情况下均可诱发与伯氨喹型药物相似的溶血性贫血，主要机制是由于急性感染过程中体内氧化产物如H2</sub>O2</sub>等堆积，造成红细胞破坏所致。,"[{'type': 'Disease', 'response': ['感染', '败血症', '肠炎', '病毒和细菌感染', '急性传染性肝炎', '腹泻', '溶血性贫血', '菌痢', '急性感染', '伤寒', '上呼吸道感染', '传染性单核细胞增多症']}, {'type': 'Drug', 'response': ['伯氨喹型药物']}, {'type': 'Symptom', 'response': ['None']}]"
【治疗】1.单纯性胃炎以对症治疗为主，去除病因，解痉止吐，口服黏膜保护剂，对细菌感染尤其伴有腹泻者可选用小檗碱、卡那霉素及氨苄西林等抗生素。,"[{'type': 'Disease', 'response': ['单纯性胃炎', '细菌感染', '腹泻']}, {'type': 'Drug', 'response': ['小檗碱', '氨苄西林', '卡那霉素', '黏膜保护剂', '抗生素']}, {'type': 'Symptom', 'response': ['None']}]"
但在严重感染时推荐青霉素和克林霉素联合应用，对青霉素过敏时大环内酯类抗生素作为首选药物，但我国已经有大环内酯类高耐药率及高水平耐药的报道。,"[{'type': 'Disease', 'response': ['严重感染', '青霉素过敏']}, {'type': 'Drug', 'response': ['大环内酯类', '大环内酯类抗生素', '克林霉素', '青霉素']}, {'type': 'Symptom', 'response': ['None']}]"
红霉素40mg/（kg•d）、克林霉素30mg/（kg•d）或一代头孢菌素类可以用来治疗青霉素过敏的咽炎患者，一般来说，复发率是很低的。,"[{'type': 'Disease', 'response': ['咽炎']}, {'type': 'Drug', 'response': ['头孢菌素类', '克林霉素', '青霉素', '红霉素']}, {'type': 'Symptom', 'response': ['None']}]"
（三）脂肪、蛋白质和糖代谢紊乱由于肠道消化吸收功能减低，肠蠕动亢进，使营养素的消化和吸收发生障碍。,"[{'type': 'Disease', 'response': ['脂肪、蛋白质和糖代谢紊乱', '营养素的消化和吸收发生障碍']}, {'type': 'Drug', 'response': ['营养素']}, {'type': 'Symptom', 'response': ['None']}]"
在补液后，尤其是输入不含钾的溶液，血清钾被稀释并随尿排出增多，酸中毒纠正后钾又从细胞外转至细胞内，此时易出现低钾血症。,"[{'type': 'Disease', 'response': ['酸中毒', '低钾血症']}, {'type': 'Drug', 'response': ['钾']}, {'type': 'Symptom', 'response': ['None']}]"
而随着脱水和酸中毒逐步纠正和尿量的增多，再加补给钾含量不足从而逐渐出现。,"[{'type': 'Disease', 'response': ['酸中毒']}, {'type': 'Drug', 'response': ['None']}, {'type': 'Symptom', 'response': ['脱水', '补给钾含量不足']}]"
大便培养有葡萄球菌生长，凝固酶阳性伪膜性肠炎多见长期使用抗生素后，由于长期使用抗生素导致肠道菌群紊乱，使难辨梭状芽胞杆菌大量繁殖，产生坏死毒素所致。,"[{'type': 'Disease', 'response': ['坏死毒素', '伪膜性肠炎', '病毒感染', '肠道菌群紊乱']}, {'type': 'Drug', 'response': ['抗生素']}, {'type': 'Symptom', 'response': ['None']}]"
9.白色念珠菌肠炎（candidaalbicansenteritis）多发生于体弱及营养不良小儿，长期滥用广谱抗生素或肾上腺皮质肾上腺皮质激素腔内常伴有鹅口疮。,"[{'type': 'Disease', 'response': ['白色念珠菌肠炎', 'candidaalbicansenteritis', '鹅口疮', '营养不良']}, {'type': 'Drug', 'response': ['广谱抗生素', '肾上腺皮质激素']}, {'type': 'Symptom', 'response': ['None']}]"
【治疗】腹泻病的腹泻疗原则为预防脱水，纠正脱水纠正脱水饮食，合理用合理用药一）急性腹泻的治疗1.脱水的防脱水的防治预防和纠正在腹泻治疗腹泻占极重要的地位，世界卫生组织（WHO）推荐的口服补液盐（ORS）ORS服补液疗法具有有效、简便、价廉、安全等优点，已成为主要的补液途径，是腹泻治疗腹泻一个重要进展。,"[{'type': 'Disease', 'response': ['腹泻', '脱水', '急性腹泻']}, {'type': 'Drug', 'response': ['口服补液盐', 'ORS']}, {'type': 'Symptom', 'response': ['None']}]"
ORS中含有钾和碳酸氢盐，可补充腹泻时钾的丢失钾和纠正酸中毒。,"[{'type': 'Disease', 'response': ['酸中毒']}, {'type': 'Drug', 'response': ['钾', 'ORS', '碳酸氢盐']}, {'type': 'Symptom', 'response': ['None']}]"
低血钾脱水特别是原有营养不良营养不良长，多日不进食的患儿，及时补钾更必要。,"[{'type': 'Disease', 'response': ['低血钾', '营养不良', '多日不进食']}, {'type': 'Drug', 'response': ['钾']}, {'type': 'Symptom', 'response': ['None']}]"
个别抽搐患儿用钙剂无效钙剂应考虑到低镁血症的可能，经血镁测定血镁测定后可给25%硫酸镁，每次给0.2ml/kg，每天2～3次，深部肌内深部肌内注射消失后停药。,"[{'type': 'Disease', 'response': ['低镁血症']}, {'type': 'Drug', 'response': ['25%硫酸镁', '钙剂', '血镁测定']}, {'type': 'Symptom', 'response': ['None']}]"
3.药物治疗药物治疗抗生素治疗：根据感染性腹泻感染性腹泻和部分细菌性腹泻有自愈倾向的特点，WHO提出90%的腹泻不需腹泻抗菌药物治疗，国内专家提出大约70%的腹泻病不腹泻病也不应该用抗生素，抗生素适用于侵袭性细侵袭性细菌感染（约30%）。,"[{'type': 'Disease', 'response': ['感染性腹泻', '腹泻病', '腹泻', '细菌性腹泻', '侵袭性细菌感染', '侵袭性细菌', '腹泻不需腹泻抗菌药物治疗']}, {'type': 'Drug', 'response': ['抗生素']}, {'type': 'Symptom', 'response': ['None']}]"
临床指征为：①血便；②有里急后重有里急后重便镜检白细胞满视野；④大便pH7大便pH7以上袭性细菌性腹泻重症、新生儿、小婴儿和原有严重消耗性疾病者如肝硬化、肝硬化、血液病及血液病等，使用抗生素指征抗生素。,"[{'type': 'Disease', 'response': ['血液病', '肝硬化', '严重消耗性疾病', '血液病']}, {'type': 'Drug', 'response': ['抗生素']}, {'type': 'Symptom', 'response': ['None']}]"
微量元素，微量元素5kg儿童选用安达美（addameaddamelN15kg者选用派达益儿（ped-ped-el表13-7静脉营养时电解质、电解质、微量元素的微量元素需要量长期TPN会导致肠黏液萎缩肠黏液萎缩分泌减少及胆汁黏稠胆汁黏稠长期输注葡萄糖，会影响食欲。,"[{'type': 'Disease', 'response': ['肠黏液萎缩']}, {'type': 'Drug', 'response': ['派达益儿', '加多纳', '葡萄糖', '安达美', 'addameaddamelN']}, {'type': 'Symptom', 'response': ['None']}]"
对于比较烦躁的小儿，使用镇静剂是急救病房常规的手段，避免由于刺激和烦躁，造成血压和颅内压的骤然升降，导致血管破裂出血，或气道压过高，造成气胸和气道身体损伤。,"[{'type': 'Disease', 'response': ['气道压过高', '气胸', '血管破裂出血', '气道身体损伤']}, {'type': 'Drug', 'response': ['镇静剂']}, {'type': 'Symptom', 'response': ['None']}]"
以往由于呼吸机没有同步触发功能，在小儿烦躁时，为避免人机对抗造成的气胸、颅内出血、低氧血症等并发症，肌松剂使用很频繁。,"[{'type': 'Disease', 'response': ['低氧血症', '气胸', '颅内出血']}, {'type': 'Drug', 'response': ['肌松剂']}, {'type': 'Symptom', 'response': ['None']}]"
硫酸镁：每次25mg/kg+100ml生理盐水静脉滴注20～30分钟，有低血压、心动过缓、面色潮红等不良反应。,"[{'type': 'Disease', 'response': ['低血压', '心动过缓']}, {'type': 'Drug', 'response': ['硫酸镁', '生理盐水']}, {'type': 'Symptom', 'response': ['None']}]"
6.观察和监护随访血气分析，分析气道阻塞程度；对长期应用β受体兴奋剂患儿要监测血电解质，注意低钾血症发生；对治疗效果不明显或病情恶化患儿，要注意肺部并发症存在，摄胸片观察是否伴有肺不张、气胸、气道异物。,"[{'type': 'Disease', 'response': ['气道阻塞', '低钾血症', '肺不张', '肺部并发症', '气胸', '气道异物']}, {'type': 'Drug', 'response': ['β受体兴奋剂']}, {'type': 'Symptom', 'response': ['None']}]"
其他微量元素如铜、钙和硒等的摄入不足也可诱发NTDs，但其确切作用尚不清楚。,"[{'type': 'Disease', 'response': ['NTDs']}, {'type': 'Drug', 'response': ['None']}, {'type': 'Symptom', 'response': ['None']}]"
此外，与肝胆疾病、腹泻、使用广谱抗生素（抑制肠道菌群）、长期禁食或静脉营养时未补充维生素K有关。,"[{'type': 'Disease', 'response': ['肝胆疾病', '腹泻']}, {'type': 'Drug', 'response': ['广谱抗生素', '维生素K']}, {'type': 'Symptom', 'response': ['None']}]"
【治疗】一旦怀疑本病，应立即给维生素K1</sub>治疗，治疗量为每次1～5mg缓慢静脉注射（1mg/min），注射速度过快可引起面色潮红、支气管痉挛、心动过速及血压下降等不良反应，静脉注射奏效最快，一般在注射后4小时内凝血酶原时间即可趋于正常。,"[{'type': 'Disease', 'response': ['心动过速', '支气管痉挛']}, {'type': 'Drug', 'response': ['维生素K1']}, {'type': 'Symptom', 'response': ['None']}]"
出血量较多的患儿，会导致急性失血性贫血和失血性休克，应立即给生理盐水纠正休克，同时根据患儿血红蛋白水平，给予输血，每次输新鲜血10～20ml/kg。,"[{'type': 'Disease', 'response': ['失血性休克', '休克', '急性失血性贫血']}, {'type': 'Drug', 'response': ['生理盐水', '新鲜血', '输血']}, {'type': 'Symptom', 'response': ['None']}]"
早产儿肝功能不成熟，肝脏不能合成凝血因子，虽用维生素K1</sub>治疗，常不能迅速奏效，最好同时输新鲜血治疗。,"[{'type': 'Disease', 'response': ['早产儿', '肝功能不成熟']}, {'type': 'Drug', 'response': ['维生素K1', '新鲜血', '凝血因子']}, {'type': 'Symptom', 'response': ['None']}]"
（二）摄入不足婴儿由于母亲维生素B<sub>6<sub>摄入不足，引起乳汁中维生素B<sub>6<sub>的分泌量减少，或者人工喂养的婴儿，牛乳经过多次加热、煮沸，造成维生素B<sub>6<sub>的破坏，均可造成婴儿的维生素B<sub>6<sub>缺乏。,"[{'type': 'Disease', 'response': ['None']}, {'type': 'Drug', 'response': ['维生素B<sub>6<sub>']}, {'type': 'Symptom', 'response': ['乳汁中维生素B<sub>6<sub>的分泌量减少', '维生素B<sub>6<sub>缺乏', '维生素B<sub>6<sub>的破坏']}]"
患甲状腺功能亢进时，维生素B<sub>6<sub>辅酶活力降低，维生素B<sub>6<sub>的需要量增加。,"[{'type': 'Disease', 'response': ['甲状腺功能亢进']}, {'type': 'Drug', 'response': ['维生素B<sub>6<sub>']}, {'type': 'Symptom', 'response': ['None']}]"
患儿是否有摄入不足、偏食厌食；是否合理膳食，各营养素的比例是否合理；有无妨碍吸收和利用的疾病，如慢性消耗疾病、胃肠道疾病等影响吸收的疾病；患者是否存在需要量增加的因素，如生长发育速度较快、发热等；近来是否服用影响维生素B<sub>6<sub>活性的药物。,"[{'type': 'Disease', 'response': ['慢性消耗疾病', '胃肠道疾病', '影响吸收的疾病', '发热']}, {'type': 'Drug', 'response': ['影响维生素B<sub>6<sub>活性的药物']}, {'type': 'Symptom', 'response': ['None']}]"
（四）胱硫醚尿症胱硫醚酶是维生素B<sub>6<sub>依赖酶，如维生素B<sub>6<sub>缺乏，胱硫醚酶的活性降低，胱硫醚不能分解，积聚在体内，患儿表现为智力迟滞、肢端肥大、耳畸形、耳聋、血小板减少、肾性尿崩症，易发肾结石。,"[{'type': 'Disease', 'response': ['肾结石', '肾性尿崩症', '胱硫醚酶的活性降低', '肢端肥大', '耳畸形', '脑瓜硫醚酶是维生素B<sub>6<sub>依赖酶', '脑瓜硫醚酶', '耳聋', '智力迟滞', '胱硫醚不能分解，积聚在体内']}, {'type': 'Drug', 'response': ['None']}, {'type': 'Symptom', 'response': ['胱硫醚酶的活性降低', '维生素B<sub>6<sub>缺乏']}]"
Isenberg和Grossman曾给DU及非溃疡（NUD）患者注射8个不同剂量的促胃泌素，结果达到最大胃酸分泌量（MAO）时促胃液素半数有效量NDU的均值为148.2±30.3，DU为60.5±96，说明DU患者酸分泌过高是壁细胞对促胃液素敏感所致。,"[{'type': 'Disease', 'response': ['DU', '非溃疡（NUD)']}, {'type': 'Drug', 'response': ['促胃液素', '促胃素']}, {'type': 'Symptom', 'response': ['None']}]"
ASA及大多数其他NSAIDs与消化性溃疡的相互作用表现在几个方面：小剂量时可致血小板功能障碍；稍大剂量可引起急性浅表性胃黏膜糜烂致出血，约2/3长期使用NSAIDs的患者存在胃十二指肠黏膜病变，其中大多数为浅表损害，约1/4长期应用药物的患者有溃疡病。,"[{'type': 'Disease', 'response': ['溃疡病', '胃十二指肠黏膜病变', '血小板功能障碍', '消化性溃疡', '急性浅表性胃黏膜糜烂']}, {'type': 'Drug', 'response': ['NSAIDs']}, {'type': 'Symptom', 'response': ['None']}]"
但ASA/NSAIDs致胃溃疡机制尚不清楚，现认为是这些药物直接损伤胃黏膜，除使氢离子逆向弥散增加之外，还可抑制前列腺素合成，使胃酸及胃蛋白酶分泌增加，胃黏膜血液供应障碍，胃黏膜屏障功能下降。,"[{'type': 'Disease', 'response': ['胃溃疡', '胃酸及胃蛋白酶分泌增加', '胃黏膜屏障功能下降', '胃黏膜血液供应障碍']}, {'type': 'Drug', 'response': ['ASA/NSAIDs']}, {'type': 'Symptom', 'response': ['None']}]"
EGF保护胃黏膜促进溃疡愈合的作用，可能与EGF参与胃黏膜上皮细胞再生的调节，刺激消化道黏膜DNA合成，促进上皮再生与痊愈有关，也有报道EGF可使胃黏膜血流量增多。,"[{'type': 'Disease', 'response': ['溃疡']}, {'type': 'Drug', 'response': ['EGF']}, {'type': 'Symptom', 'response': ['None']}]"
注意：①婴儿及＜8岁儿童慎用；②不良反应轻微，可有皮疹、便秘、腹泻、头痛、出汗及焦虑等；③偶有可逆性的细胞血小板减少，转氨酶升高；④可降低维生素B12</sub>的吸收；⑤可减少肝血流量，因而与普萘洛尔及利多卡因合用时可延缓此药的作用；⑥与普鲁卡因合用，可使普鲁卡因清除率减低。,"[{'type': 'Disease', 'response': ['焦虑', '皮疹', '出汗', '便秘', '好转性的细胞血小板减少', '腹泻', '痛', '细胞血小板减少', '头痛']}, {'type': 'Drug', 'response': ['普萘洛尔', '利多卡因', '普鲁卡因']}, {'type': 'Symptom', 'response': ['None']}]"
同用后可出现共济失调、步态不稳及行走困难，但茶碱和普萘洛尔的代谢不受本品影响。,"[{'type': 'Disease', 'response': ['共济失调']}, {'type': 'Drug', 'response': ['普萘洛尔', '茶碱']}, {'type': 'Symptom', 'response': ['步态不稳', '行走困难']}]"
注意：①年幼儿一般不宜服用此药，肾功能不全者应慎用；②铋可使大便和舌苔、牙齿染黑及恶心、呕吐，停药后消失；③不宜与牛奶、茶、咖啡及含酒精饮料同服；④长期大量应用，可发生不可逆性脑病、精神紊乱及运动失调，有条件者应做血铋检测。,"[{'type': 'Disease', 'response': ['肾功能不全', '运动失调', '不可逆性脑病', '精神紊乱']}, {'type': 'Drug', 'response': ['铋']}, {'type': 'Symptom', 'response': ['恶心', '呕吐', '大便和舌苔、牙齿染黑']}]"
（四）幽门螺杆菌阳性消化性溃疡的治疗目前幽门螺杆菌阳性合并有活动期溃疡的患者除给予传统抗溃疡药物治疗，如H2</sub>受体阻滞剂、质子泵抑制剂或硫糖铝促进溃疡愈合外，常同时给予抗生素根除幽门螺杆菌。,"[{'type': 'Disease', 'response': ['溃疡', '消化性溃疡', '活动期溃疡']}, {'type': 'Drug', 'response': ['质子泵抑制剂', '硫糖铝', '传统抗溃疡药物', '抗生素', 'H2</sub>受体阻滞剂']}, {'type': 'Symptom', 'response': ['None']}]"
治疗原则是能够完全切除的肿瘤应尽量完整切除；体积大的肿瘤或与周围组织粘连严重时可做部分切除，术后辅以局部放射治疗；大的囊性单腔性颅咽管瘤可用32</sup>P行内放疗；而对于小的2～3cm的肿瘤可行立体定向放射外科治疗。,"[{'type': 'Disease', 'response': ['囊性单腔性颅咽管瘤', '肿瘤']}, {'type': 'Drug', 'response': ['32</sup>P']}, {'type': 'Symptom', 'response': ['None']}]"
用法：将博来霉素水剂，配成1mg/1ml的浓度，每次0.2～0.3mg/kg的剂量注入瘤体内，每周一次，3～10次为一疗程，总剂量不超过5mg/kg，否则可导致组织坏死，发生溃疡。,"[{'type': 'Disease', 'response': ['溃疡', '组织坏死']}, {'type': 'Drug', 'response': ['博来霉素']}, {'type': 'Symptom', 'response': ['None']}]"
（二）肾上腺皮质激素肾上腺皮质激素对腹痛疗效好，对控制出血性皮疹、关节肿痛及蛋白尿有一定的效果，但对过敏性紫癜的血尿无效。,"[{'type': 'Disease', 'response': ['关节肿痛', '蛋白尿', '过敏性紫癜', '腹痛', '出血性皮疹']}, {'type': 'Drug', 'response': ['肾上腺皮质激素']}, {'type': 'Symptom', 'response': ['None']}]"
（二）化学性药物小儿时期经常感冒和发热，反复使用非甾体类药物如阿司匹林和吲哚美辛等，使胃黏膜内源性保护物质前列腺素E2</sub>减少，胃黏膜屏障功能降低，而致胃黏膜损伤。,"[{'type': 'Disease', 'response': ['胃黏膜损伤', '发热', '感冒', '胃黏膜内源性保护物质前列腺素E2</sub>减少']}, {'type': 'Drug', 'response': ['吲哚美辛', '阿司匹林', '非甾体类药物']}, {'type': 'Symptom', 'response': ['None']}]"
4.高酸或胃炎活动期者，可给予H2</sub>受体阻滞剂：西咪替丁、雷尼替丁和法莫替丁。,"[{'type': 'Disease', 'response': ['高酸或胃炎']}, {'type': 'Drug', 'response': ['法莫替丁', '西咪替丁', '雷尼替丁', 'H2</sub>受体阻滞剂']}, {'type': 'Symptom', 'response': ['None']}]"
除骨髓抑制外，马利兰尚有肺纤维化、色素沉着、消瘦和低血压等不良反应。,"[{'type': 'Disease', 'response': ['色素沉着', '消瘦', '低血压']}, {'type': 'Drug', 'response': ['马利兰']}, {'type': 'Symptom', 'response': ['None']}]"
作为儿童MDS的特有亚型-JMML，造血干细胞移植前患者往往伴有明显肝脾大脾脏是否移植前需要切脾有一定的争议，虽然切脾有助于植入、有助于减少血小板的输注，但来自欧洲EWOG-MDS100例儿童JMML移植资料提示切脾并不能提高疗效，所以推荐移植前不必要切脾。,"[{'type': 'Disease', 'response': ['JMML', '儿童MDS', '儿童JMML']}, {'type': 'Drug', 'response': ['血小板']}, {'type': 'Symptom', 'response': ['None']}]"
（三）肺炎型流感（流感病毒性肺炎）见于老年、幼儿、体弱多病或正在使用免疫抑制剂者。,"[{'type': 'Disease', 'response': ['肺炎型流感', '流感病毒性肺炎']}, {'type': 'Drug', 'response': ['免疫抑制剂']}, {'type': 'Symptom', 'response': ['None']}]"
心率较慢而无晕厥或心力衰竭者可口服阿托品、麻黄碱。,"[{'type': 'Disease', 'response': ['心力衰竭']}, {'type': 'Drug', 'response': ['麻黄碱', '阿托品']}, {'type': 'Symptom', 'response': ['None']}]"
对于呼吸衰竭出现兴奋烦躁、与呼吸机对抗者，可以通过应用镇静剂，以降低中枢对二氧化碳反应的敏感性，但仍然可以维持中枢对二氧化碳的调节反应性。,"[{'type': 'Disease', 'response': ['呼吸衰竭']}, {'type': 'Drug', 'response': ['镇静剂']}, {'type': 'Symptom', 'response': ['None']}]"
过多使用肌松剂导致呼吸肌失用性变性变性等，也可以导致对二氧化碳呼吸调节作用的下降。,"[{'type': 'Disease', 'response': ['None']}, {'type': 'Drug', 'response': ['肌松剂']}, {'type': 'Symptom', 'response': ['None']}]"
4.手术对肝脾破裂肾上腺出血糖皮质激素治疗，用氢化可的松，每天5～10mg/kg，静脉滴注。,"[{'type': 'Disease', 'response': ['肝脾破裂', '肾上腺出血']}, {'type': 'Drug', 'response': ['氢化可的松', '糖皮质激素']}, {'type': 'Symptom', 'response': ['肝脾破裂']}]"
（二）5%NaHCO<sub>3</sub></sub>循环一旦中止立即产生酸中毒，酸中毒可使窦房结与房室结传导减慢，导致心动过缓与心律不齐；还可直接减弱心肌收缩力。,"[{'type': 'Disease', 'response': ['心动过缓', '酸中毒', '心律不齐']}, {'type': 'Drug', 'response': ['5%NaHCO<sub>3</sub></sub>']}, {'type': 'Symptom', 'response': ['心动过缓', '心肌收缩力减慢', '使窦房结与房室结传导减慢']}]"
酸中毒可使肝素灭活，促进弥散性血管内凝血，故多年来碳酸氢钠一直被推荐为CPCR的必要药物之一。,"[{'type': 'Disease', 'response': ['酸中毒', '弥散性血管内凝血']}, {'type': 'Drug', 'response': ['碳酸氢钠', '肝素']}, {'type': 'Symptom', 'response': ['None']}]"
但由于下述理由使这一传统观念受到异议：①心搏骤停后，出现的酸中毒一般为呼吸性酸中毒合并高乳酸性代酸，有效循环建立前，碳酸氢钠不易纠正这类酸中毒；②碱性液使氧离曲线左移加重组织缺氧；③大剂量碳酸氢钠还可引起或加重高钠、高渗血症，加重脑的损害；④碱血症使K<sup>+</sup>细胞内流可致心律失常。,"[{'type': 'Disease', 'response': ['高乳酸性代酸', '心律失常', '酸中毒', '组织缺氧', '脑的损害', '高钠、高渗血症', '心搏骤停', '碱性液', '碱血症']}, {'type': 'Drug', 'response': ['碳酸氢钠']}, {'type': 'Symptom', 'response': ['None']}]"
（七）钙拮抗剂钙拮抗剂可直接抑制腺苷磷酸酶的分解，保护线粒体，降低乳酸，降低纤颤域值，不影响电复律，解除小动脉痉挛，加快血流，抑制血小板凝聚，降低血黏度，改善循环，阻止钙内流，保护缺血细胞。,"[{'type': 'Disease', 'response': ['小动脉痉挛', '缺血细胞']}, {'type': 'Drug', 'response': ['钙拮抗剂']}, {'type': 'Symptom', 'response': ['None']}]"
缺点：负性心肌作用、抑制A-V传导、心律失常、扩张外周血管，故钙拮抗剂在CPCR的应用有待研究。,"[{'type': 'Disease', 'response': ['心律失常', '阻碍A-V传导', '缺陷', '负性心肌作用', '心肌']}, {'type': 'Drug', 'response': ['钙拮抗剂']}, {'type': 'Symptom', 'response': ['None']}]"
（八）呼吸兴奋剂儿科呼吸、心搏骤停的临床特点多因严重低氧血症和高碳酸血症所致，先引起呼吸骤停，继而心搏骤停，故小儿CPCR时有效的人工通气显得尤为重要。,"[{'type': 'Disease', 'response': ['呼吸、心搏骤停', '呼吸骤停', '高碳酸血症', '低氧血症']}, {'type': 'Drug', 'response': ['呼吸兴奋剂']}, {'type': 'Symptom', 'response': ['None']}]"
瑞氏综合征@临床观察也发现RS的症状类似于伴有线粒体异常的遗传代谢疾病，而线粒体抑制剂或毒素（如柳酸盐及棘皮油等）可引起类似的临床病理改变。,"[{'type': 'Disease', 'response': ['RS', '瑞氏综合征', '线粒体异常的遗传代谢疾病']}, {'type': 'Drug', 'response': ['柳酸盐', '棘皮油', '线粒体抑制剂']}, {'type': 'Symptom', 'response': ['None']}]"
再感染的病人，应首先采用10～14天的常规治疗，如症状和菌尿消失，继之以小剂量抗生素预防重新感染，可供选择的药物有SMZ+TMP、呋喃妥因、阿莫西林或头孢氨苄等，剂量为常规治疗量的1/5～1/4。,"[{'type': 'Disease', 'response': ['感染', '重新感染']}, {'type': 'Drug', 'response': ['头孢氨苄', 'TMP', '呋喃妥因', '阿莫西林', 'SMZ', '抗生素']}, {'type': 'Symptom', 'response': ['None']}]"
利尿剂多采用呋塞米，肌内或静脉注射，每次1～2mg/kg，新生儿应间隔12～24小时脱水、低血压、低血钠、低血钾、低血氯、低血钙等。,"[{'type': 'Disease', 'response': ['低血钾', '低血钠', '低血氯', '低血压']}, {'type': 'Drug', 'response': ['利尿剂', '呋塞米']}, {'type': 'Symptom', 'response': ['None']}]"
如果补充碱性液过快，或没有及时改善通气和外周循环，可能产生代谢性碱中毒，可以导致昏迷和心跳停止。,"[{'type': 'Disease', 'response': ['代谢性碱中毒']}, {'type': 'Drug', 'response': ['None']}, {'type': 'Symptom', 'response': ['昏迷', '心跳停止']}]"
1.毛花苷丙和地高辛在呼吸衰竭时心肌缺氧，容易导致洋地黄中毒，应考虑减少其用量。,"[{'type': 'Disease', 'response': ['呼吸衰竭', '洋地黄中毒']}, {'type': 'Drug', 'response': ['地高辛', '毛花苷丙']}, {'type': 'Symptom', 'response': ['None']}]"
95%的动-静脉瘘患者在肾穿刺术后2～20个月内瘘管能自行闭合，很少要外科手术治疗，若出现大出血、高血压和心力衰竭时，应立即手术治疗，有人提出采用介入治疗，动脉插管注射氨基乙酸可以避免手术。,"[{'type': 'Disease', 'response': ['动-静脉瘘', '瘘管', '大出血', '心力衰竭', '高血压']}, {'type': 'Drug', 'response': ['氨基乙酸']}, {'type': 'Symptom', 'response': ['None']}]"
【诊断】（一）确定是否重症肌无力主要根据病史，典型的临床表现即受累骨骼肌活动后疲劳无力肌群可分成眼外肌、颜面肌、咽喉肌、颈肌、躯干肌和肢体肌等，经休息或用胆碱酯酶抑制剂可以缓解；且无神经系统其他体征。,"[{'type': 'Disease', 'response': ['重症肌无力']}, {'type': 'Drug', 'response': ['胆碱酯酶抑制剂']}, {'type': 'Symptom', 'response': ['None']}]"
2.药物实验阳性甲基硫酸新斯的明实验：0.03～0.04mg/kg，肌注，比较注射前后半小时各受累肌群的肌力的变化，肌力明显改善者有助于MG的诊断腾喜龙试验：腾喜龙0.2mg/kg，以注射用水稀释至1ml，静脉注射，症状迅速缓解则为阳性，持续10分钟左右又恢复原状。,"[{'type': 'Disease', 'response': ['MG']}, {'type': 'Drug', 'response': ['腾喜龙']}, {'type': 'Symptom', 'response': ['None']}]"
胸腺瘤多见于40岁以后男性患者，肌无力症状较重对胆碱酯酶抑制剂疗效不佳易发生危象。,"[{'type': 'Disease', 'response': ['胸腺瘤', '肌无力']}, {'type': 'Drug', 'response': ['胆碱酯酶抑制剂']}, {'type': 'Symptom', 'response': ['None']}]"
【诊断】根据流行病学资料、接触史和典型腮腺炎表现易确定诊断，缺乏腮腺炎表现或接种过疫苗的患儿需进行病原学诊断，方法包括：（一）病毒分离收集急性期唾液标本和脑膜脑炎发生后5天内脑脊液接种敏感细胞，病变细胞可见胞质内嗜酸性包涵体，形成多核巨细胞。,"[{'type': 'Disease', 'response': ['腮腺炎', '脑膜脑炎']}, {'type': 'Drug', 'response': ['疫苗']}, {'type': 'Symptom', 'response': ['None']}]"
应用麻疹-腮腺炎-风疹（MMR）三联疫苗抗体阳转率可达95%以上，推荐对大于12月龄小儿、青春期和成年无自然感染史者普遍接种。,"[{'type': 'Disease', 'response': ['感染']}, {'type': 'Drug', 'response': ['MMR', '麻疹-腮腺炎-风疹（MMR）三联疫苗']}, {'type': 'Symptom', 'response': ['None']}]"
孕期、严重发热性疾病、过敏、近期接受过免疫球蛋白和免疫抑制患者不能接种。,"[{'type': 'Disease', 'response': ['严重发热性疾病', '过敏']}, {'type': 'Drug', 'response': ['免疫球蛋白', '免疫抑制']}, {'type': 'Symptom', 'response': ['None']}]"
假阳性率较高的人群为新生儿、自身抗体阳性、菌血症患者、使用半合成青霉素及异体骨髓抑制患者。,"[{'type': 'Disease', 'response': ['自身抗体阳性', '异体骨髓抑制', '菌血症']}, {'type': 'Drug', 'response': ['半合成青霉素']}, {'type': 'Symptom', 'response': ['None']}]"
2.ABPA治疗皮质类固醇类激素目前依然是治疗的金标准，常规剂量，依据临床反应调整，可使大部分患者症状减轻、肺部阴影消退、延缓肺功能减退和肺纤维化等毁损肺的发生。,"[{'type': 'Disease', 'response': ['肺功能减退', '肺纤维化', '皮质类固醇类激素', '延缓肺功能减退']}, {'type': 'Drug', 'response': ['皮质类固醇类激素']}, {'type': 'Symptom', 'response': ['None']}]"
【治疗】（一）一般治疗包括低盐饮食、适量优质蛋白饮食；水肿明显时应利尿，可参考本章第三节给予各种口服利尿剂，严重水肿时可静脉应用呋塞米（furosemide，速尿）1～2mg/（kg•次）；有高血压时应予硝苯地平（nifedipine，心痛定）每次0.25～0.5mg/kg一日3～4次或ACEI类药物口服治疗，如卡托普利（captopril，巯甲丙脯酸）1～2mg/（kg•d），一日2～3次。,"[{'type': 'Disease', 'response': ['高血压']}, {'type': 'Drug', 'response': ['呋塞米', '卡托普利', '快速清', '硝苯地平', 'captopril', 'ACEI类药物', '速尿', '诺氟沙星', '甲磺酸二甲双胍', '甲磺酸二甲双胍', 'furosemide', '呋塞米', '甲磺酸二甲双胍', '育儿宁', '速尿', '肝素', '甲磺酸二甲双胍', '蛋白', '蛋白', 'nifedipine', '硝苯地平', '肝素', '呋塞米', 'ACEI类药物', '肝素']}, {'type': 'Symptom', 'response': ['None']}]"
注射呋塞米，尿量增加，肾盂排空无法及时完成，肾积水的症状得以出现。,"[{'type': 'Disease', 'response': ['肾盂排空无法及时完成', '肾积水']}, {'type': 'Drug', 'response': ['呋塞米']}, {'type': 'Symptom', 'response': ['None']}]"
【病因与发病机制】早产儿脑室周围室管膜下生发基质富含血管，这些血管在解剖学上是一种不成熟的毛细血管网，仅由一层内皮细胞组成，缺乏肌层和结缔组织支持，该区域对缺氧和高碳酸血症极为敏感，当缺氧致脑血流自我调节功能受损时，惊厥、气管吸引、快速扩容、静脉输注高渗溶液等可致血压波动而促发管破裂出血。,"[{'type': 'Disease', 'response': ['促发管破裂出血', '惊厥', '高碳酸血症', '早产儿', '缺氧', '气管吸引', '高渗溶液', '脑血流自我调节功能受损']}, {'type': 'Drug', 'response': ['高渗溶液']}, {'type': 'Symptom', 'response': ['None']}]"
关于抗生素选择、使用方法应注意以下几点：①患儿年龄对抗生素选择有一定的指导意义：如年长儿童患流感杆菌脑膜炎较少；新生儿化脑大多数是肠道革兰阴性杆菌或链球菌所致，故应选择对这些细菌有效的药物；②保证药物在脑脊液中达到有效浓度：首先应选用易于透过血-脑屏障的药物，使脑脊液中抗生素浓度超过抑菌浓度10倍以上；③鞘内注射：如果选用的药物能很好通过血-脑屏障，原则上不需鞘内注射，以免出现不良反应及增加病儿痛苦；④脑室内注药：由于存在血-脑屏障及脑脊液单向循环，对并发脑室膜炎患儿，有人主张脑室注药以提高疗效。,"[{'type': 'Disease', 'response': ['脑室膜炎', '脑脊膜炎', '脑室膜炎患儿', '流感杆菌脑膜炎', '脑室膜炎', '化脑']}, {'type': 'Drug', 'response': ['抗生素']}, {'type': 'Symptom', 'response': ['None']}]"
黄褐色尿见于黄疸病人以及服用含动物胆红素的药物后如牛黄解毒丸和熊胆粉等。,"[{'type': 'Disease', 'response': ['黄疸']}, {'type': 'Drug', 'response': ['牛黄解毒丸', '熊胆粉', '含动物胆红素的药物']}, {'type': 'Symptom', 'response': ['None']}]"
淡绿色尿见于铜绿假单孢菌感染或使用亚甲蓝和阿米替林等药物后。,"[{'type': 'Disease', 'response': ['铜绿假单孢菌感染']}, {'type': 'Drug', 'response': ['亚甲蓝', '阿米替林']}, {'type': 'Symptom', 'response': ['None']}]"
对伴有循环不良和休克的重度脱水患儿，开始应快速输入等渗含钠液（生理盐水或2∶1液）按20ml/kg于30分钟～1小时输入。,"[{'type': 'Disease', 'response': ['休克', '循环不良', '重度脱水']}, {'type': 'Drug', 'response': ['等渗含钠液', '生理盐水']}, {'type': 'Symptom', 'response': ['None']}]"
有时需用张力较高，甚至等张液体，以防血钠迅速下降出现脑水肿。,"[{'type': 'Disease', 'response': ['脑水肿']}, {'type': 'Drug', 'response': ['张力较高，甚至等张液体']}, {'type': 'Symptom', 'response': ['None']}]"
以前认为是疟原虫的毒素引起的溶血，现多数学者认为是患者的红细胞有遗传缺陷，主要是6-磷葡萄糖脱氢酶的含量减少，使氧化型谷胱甘肽还原不足，在服用抗疟药（如奎宁、伯氨喹）和某些退热药（如阿司匹林）后，红细胞在血管内大量溶解而发生血红蛋白尿。,"[{'type': 'Disease', 'response': ['溶血', '血红蛋白尿']}, {'type': 'Drug', 'response': ['伯氨喹', '非那西林', '奎宁', '抗疟药', '阿司匹林', '红细胞', '疟原虫的毒素', '6-磷葡萄糖脱氢酶', '退热药', '伯氨喹', '奎宁', '紫外线']}, {'type': 'Symptom', 'response': ['None']}]"
在某些情况下，期前收缩可由器质性心脏病（炎症、缺血、纤维化等）或引起，特别是洋地黄类。,"[{'type': 'Disease', 'response': ['期前收缩', '炎症', '缺血', '纤维化', '器质性心脏病']}, {'type': 'Drug', 'response': ['洋地黄类']}, {'type': 'Symptom', 'response': ['None']}]"
（二）乙肝高效免疫球蛋白（HBIG）高危新生儿（母亲HBsAg阳性，特别是伴HBeAg阳性者）生后12小时内肌内注射HBIG200U；单次急性接触HBV（如输血制品、意外污染针头刺伤等）的成人或儿童在接触后24小时内肌内注射HBIG400U，推荐使用2剂，间隔15天。,"[{'type': 'Disease', 'response': ['HBeAg阳性', '感染', '乙肝']}, {'type': 'Drug', 'response': ['HBIG', '乙肝高效免疫球蛋白', 'HBV', 'HBIG200U', 'HBIG400U']}, {'type': 'Symptom', 'response': ['None']}]"
2.透析液引流不畅原因有：透析管端移位、漂浮，表现为单向阻滞；腹膜炎后形成纤维蛋白块，堵塞管道，透析液出入不畅，以排出不畅为主；腹膜粘连透析管周围形成包裹，表现为输入透析液不久患者即感腹痛，X线造影可确诊；腹腔内进入空气、肠胀气以及便秘等亦可导致透析液引流不畅。,"[{'type': 'Disease', 'response': ['腹膜炎', '腹膜粘连', '便秘', '肠胀气', '透析液引流不畅']}, {'type': 'Drug', 'response': ['透析液']}, {'type': 'Symptom', 'response': ['None']}]"
若患者每日体重增加0.5kg，明显水肿，甚至出现肺水肿及脑水肿，提示体内水分过多，宜提高透析液渗透压，加强超滤；若患者显著口渴，短期内体重下降，乏力，发生体位性低血压，提示体内缺水，此时宜减少透析液中的葡萄糖用量，应用生理盐水或血浆扩容。,"[{'type': 'Disease', 'response': ['口渴', '肺水肿', '体位性低血压', '脑水肿', '水肿']}, {'type': 'Drug', 'response': ['透析液', '葡萄糖', '生理盐水', '超滤']}, {'type': 'Symptom', 'response': ['None']}]"
由于腹腔内存有大量透析液，横膈抬高，肺底萎陷，分泌物易积蓄，患者可能发生呼吸系统并发症，包括支气管炎、肺炎、肺不张以及胸腔积液。,"[{'type': 'Disease', 'response': ['胸腔积液', '肺不张', '呼吸系统并发症', '支气管炎', '肺炎']}, {'type': 'Drug', 'response': ['透析液']}, {'type': 'Symptom', 'response': ['None']}]"
可常见小的残余分流，通常这些残余室缺不会引起血流动力学紊乱，但是仍需终生用抗生素预防细菌性心内膜炎。,"[{'type': 'Disease', 'response': ['室缺', '血流动力学紊乱', '细菌性心内膜炎']}, {'type': 'Drug', 'response': ['抗生素']}, {'type': 'Symptom', 'response': ['None']}]"
可能原因为：①肺泡扩张不够，可以用CPAP、高频通气治疗，或应用气道滴入肺表面活性物质，使肺泡复张；②高铁血红蛋白血症，一般MetHb＞3%可以有明显症状，可以降低吸入NO，如效果不佳，可以用维生素C、亚甲蓝（methyleneblue）或输血，以纠正；③肺血管器质性病变，对NO没有反应。,"[{'type': 'Disease', 'response': ['肺血管器质性病变', '肺泡扩张不够', '高铁血红蛋白血症']}, {'type': 'Drug', 'response': ['维生素C', '亚甲蓝', 'NO', '肺表面活性物质', '输血', 'methyleneblue']}, {'type': 'Symptom', 'response': ['None']}]"
2.NO依赖在治疗中不能将NO浓度降低，或停止NO后立即出现低氧血症危象。,"[{'type': 'Disease', 'response': ['低氧血症']}, {'type': 'Drug', 'response': ['NO']}, {'type': 'Symptom', 'response': ['None']}]"
（五）免疫功能正常的儿童单纯淋巴结肿大者，不需治疗；若重要器官损害，危及生命，治疗同“年长儿活动性脉络膜视网膜炎”，无需肾上腺皮质类固醇，疗程常为4～6周或在体征和症状消退后继续用2周。,"[{'type': 'Disease', 'response': ['淋巴结肿大', '活动性脉络膜视网膜炎']}, {'type': 'Drug', 'response': ['肾上腺皮质类固醇']}, {'type': 'Symptom', 'response': ['None']}]"
贫血严重的病人由于骨髓代偿性增生旺盛，叶酸消耗增加，应给叶酸5mg/日，直至脾切除。,"[{'type': 'Disease', 'response': ['贫血']}, {'type': 'Drug', 'response': ['叶酸']}, {'type': 'Symptom', 'response': ['None']}]"
LHRH的优点是已可采用鼻黏膜喷雾给药，每侧鼻孔200μg，每天3次，每天总量1.2mg，连续28天，鼻LHRH治疗药无任何痛苦，即使感冒流涕仍可继续治疗。,"[{'type': 'Disease', 'response': ['感冒']}, {'type': 'Drug', 'response': ['鼻LHRH治疗药', 'LHRH']}, {'type': 'Symptom', 'response': ['None']}]"
（二）营养紊乱（五）医源性因素药物是临床实践中较常见的免疫低下的重要原因，如糖皮质激素、细胞毒性药物及放射性照射等均可引起SID。,"[{'type': 'Disease', 'response': ['营养紊乱', 'SID']}, {'type': 'Drug', 'response': ['糖皮质激素', '细胞毒性药物']}, {'type': 'Symptom', 'response': ['None']}]"
4.白细胞通过血细胞分离仪可分离得白细胞，但白细胞输注的疗效尚未被充分肯定，主要用于粒细胞极度低下及粒细胞功能障碍。,"[{'type': 'Disease', 'response': ['粒细胞极度低下', '粒细胞功能障碍']}, {'type': 'Drug', 'response': ['白细胞']}, {'type': 'Symptom', 'response': ['None']}]"
4.凝血酶原复合物用于多种内外源凝血因子缺乏的补充及替代治疗，如Ⅶ、Ⅷ、Ⅸ、Ⅹ因子缺乏，包括血友病及维生素K依赖性凝血因子缺乏症。,"[{'type': 'Disease', 'response': ['Ⅷ', 'Ⅶ', '血友病', 'Ⅹ因子缺乏', '维生素K依赖性凝血因子缺乏症', 'Ⅸ']}, {'type': 'Drug', 'response': ['凝血酶原复合物']}, {'type': 'Symptom', 'response': ['None']}]"
2.照光血制品强烈化放疗免疫功能极度抑制病人、细胞免疫功能不全、异体移植后免疫功能未完全重建者输注含有淋巴细胞的血制品时，血制品需先经1800cGy照光，以灭活可能导致移植物抗宿主病的淋巴细胞。,"[{'type': 'Disease', 'response': ['免疫功能极度抑制', '细胞免疫功能不全', '移植物抗宿主病']}, {'type': 'Drug', 'response': ['含有淋巴细胞的血制品', '照光']}, {'type': 'Symptom', 'response': ['None']}]"
吗啡、乙醇、有机磷等中毒时，瞳孔通常显著缩小；而曼陀罗类、镇静剂中毒时，则瞳孔扩大。,"[{'type': 'Disease', 'response': ['中毒', '镇静剂中毒', '有机磷等中毒']}, {'type': 'Drug', 'response': ['None']}, {'type': 'Symptom', 'response': ['瞳孔通常显著缩小', '瞳孔扩大']}]"
血液净化适应证为：①急性中毒其症状严重，无相应解毒剂，但毒物或其代谢产物能被透析出体外；②预计毒物摄入剂量很大，估计会出现严重并发症和严重不良后果；③发生急性肾衰竭。,"[{'type': 'Disease', 'response': ['急性肾衰竭', '急性中毒']}, {'type': 'Drug', 'response': ['解毒剂']}, {'type': 'Symptom', 'response': ['None']}]"
肾上腺皮质激素具有增强机体应激能力、改善毛细血管通透性、减少渗出、稳定细胞膜及溶酶体、减少细胞损害等作用，临床用于严重中毒伴中毒性脑病、肺水肿、急性呼吸窘迫综合征、中毒性肝肾功能损害以及化学物引起的溶血性贫血等。,"[{'type': 'Disease', 'response': ['中毒性脑病', '溶血性贫血', '严重中毒伴中毒性脑病', '急性呼吸窘迫综合征', '肺水肿', '中毒', '急性呼吸窘迫', '化学物引起的溶血性贫血']}, {'type': 'Drug', 'response': ['肾上腺皮质激素']}, {'type': 'Symptom', 'response': ['None']}]"
有全身中毒症状者可用5%二巯基丙磺酸钠0.1～0.2ml/kg肌内注射，每天一次。,"[{'type': 'Disease', 'response': ['None']}, {'type': 'Drug', 'response': ['5%二巯基丙磺酸钠']}, {'type': 'Symptom', 'response': ['None']}]"
参考文献1.宋家其.11例小儿急性胰腺炎治疗体会和预后评估.临床儿科杂志，1997，15（4）：251-2512.施诚仁.儿童急性胰腺炎的概念与认识.中华小儿外科杂志，1997，18（2）：124-1243.吴曰杰，郭永年，王开荣，等.小儿及青少年钙化性胰腺炎.实用儿科临床杂志，1996，11（6）：366-3664.王志敏.青少年慢性胰腺炎.国外医学•儿科学分册，1995，22（3）：1565.萧树东.江绍基胃肠病学.上海：上海科学技术出版社，2001：4876.徐家裕.临床胰腺病学.上海：上海科学技术出版社，1990：1207.徐家裕.急性重症胰腺炎的诊断进展.临床儿科杂志，1997，15（4）：244-2448.姚希贤.临床消化病学.天津：天津科学技术出版社，1999：12789.徐家裕.急性重症胰腺炎的治疗进展.临床儿科杂志，1997，15（5）：310-31010.杨镇主译，裘法祖审阅.慢性胰腺炎.北京：人民卫生出版社，1994：2111.叶孝礼.小儿消化系统疾病学.天津：天津科学技术出版社，1992：22612.张富生，周世杰.丙戊酸治疗10年后引起坏死性胰腺炎.国外医学•儿科学分册，1996，23（3）：15513.张汝慧，王玲，陈俊仪，等.流行性腮腺炎致多脏器损害662例临床分析.临床儿科杂志，1996，14（4）：220-22014.赵惠君，王耀平，顾龙君，等.左旋门冬酰胺酶在儿童淋巴系统恶性肿瘤化疗中的严重毒副反应.临床儿科杂志，1998，16（5）：301-30115.周雪莲，欧弼悠.小儿急性坏死性胰腺炎16例诊治分析.急诊医学，1996，5（2）∶11416.BraganzaJM：Thepathogenesisofchronicpancreatitis.QJMed，1996，89：243-24317.HaddochG，CouparG，YoungsonGG，etal：Acutepancreatitisinchildren：a15yearreview.JPediatrSurg，1994，29（6）：719-71918.KeimV，IovannaJL，DagornJC：Theacutephasereactionoftheexocrinepancreas.Digestion，1994，55：65-6519.LehmanGA，ShermanS.Pancreasdivisum.GastrointestEndoscClinNorthAm，1995，5（1）：145-14520.MathewP，WyllieR，CaulfieldM，etal：Chronicpancreatitisinlatechildhoodandadolescence.ClinPediatr，1994，33：88-8821.ParentiDM，SteinbergW，KangP：Infectiouscausesofacutepancreatitis.Pancreas，1996，13（4）：356-35622.PerraultJ.Hereditarypancreatitis.GastroenterolClinNorthAm，1994，23（4）：743-74323.SteerML，WaxmanI，FreedmanS.ChronicPancreatitis.NEnglJMed，1995，332（22）：1482-1482,"[{'type': 'Disease', 'response': ['急性坏死性胰腺炎', '慢性胰腺炎', '急性胰腺炎', '慢性胆管炎', '病毒感染', '胰腺病', '慢性胰腺炎', '坏死性胰腺炎']}, {'type': 'Drug', 'response': ['丙戊酸']}, {'type': 'Symptom', 'response': ['None']}]"
4.合成减少肠道细菌也可合成部分维生素K，在婴儿于肠道菌落出现后，维生素K缺乏则明显减少，长期应用抗生素抑制肠道内的正常细菌的生长。,"[{'type': 'Disease', 'response': ['维生素K缺乏']}, {'type': 'Drug', 'response': ['抗生素']}, {'type': 'Symptom', 'response': ['None']}]"
自从1961年美国儿科学会营养委员会提出所有新生儿应在出生后肌内注射维生素K1</sub>0.5～1mg作为预防新生儿出血以来，维生素K1</sub>用来预防和根治新生儿维生素K缺乏性出血已在许多国家得到广泛应用。,"[{'type': 'Disease', 'response': ['维生素K缺乏性出血', '新生儿维生素K缺乏性出血']}, {'type': 'Drug', 'response': ['维生素K1']}, {'type': 'Symptom', 'response': ['None']}]"
加拿大儿科协会建议足月产的新生儿应在出生后6小时内口服或肌注维生素K1mg；早产儿、低体重儿及难产儿均需在产后6小时内肌注维生素K1mg；因脂肪吸收不良而有迟发性出血性疾病危险性的新生儿需每天口服维生素K1mg或每月肌注维生素K一次以预防维生素K缺乏性出血症。,"[{'type': 'Disease', 'response': ['维生素K缺乏性出血症', '早产儿', '低体重儿', '迟发性出血性疾病']}, {'type': 'Drug', 'response': ['维生素K']}, {'type': 'Symptom', 'response': ['None']}]"
4）多种药物：可通过半抗原药物依赖性非特异性抗体（如青霉素类、头孢霉素类等）或通过免疫复合物（如奎宁、奎尼丁等）或诱导真性自身抗体（如甲基多巴、左旋多巴等）而破坏红细胞，发生溶血性贫血。,"[{'type': 'Disease', 'response': ['溶血性贫血']}, {'type': 'Drug', 'response': ['左旋多巴', '青霉素类', '头孢霉素类', '奎宁', '奎尼丁', '甲基多巴']}, {'type': 'Symptom', 'response': ['None']}]"
②甲基青霉素型（methyldopatype）：α甲基多巴引起的AIHA属自身免疫性，60%见于HLA-B7阳性患儿；③免疫复合物型：这是由于IgM与药物反应，激活了补体系统，C3b</sub>沉积于红细胞表面，进而导致巨噬细胞对带有C3b</sub>的红细胞发生攻击和吞噬。,"[{'type': 'Disease', 'response': ['自身免疫', '巨噬细胞对带有C3b</sub>的红细胞发生攻击和吞噬', 'AIHA', '自身免疫性']}, {'type': 'Drug', 'response': ['甲基青霉素', 'α甲基多巴']}, {'type': 'Symptom', 'response': ['None']}]"
危重病例需注意水电解质平衡及心肾功能，溶血危象者宜采取碱化尿液的措施，应用低分子右旋糖苷以防DIC发生等。,"[{'type': 'Disease', 'response': ['DIC']}, {'type': 'Drug', 'response': ['碱化尿液的', '低分子右旋糖苷']}, {'type': 'Symptom', 'response': ['None']}]"
如果确因病情严重而需输血者，也应严格掌握适应证：①急性溶血进展迅速而致严重贫血（Hb＜40g/L），或发生溶血危象，心功能失代偿或严重脑缺氧和全身衰竭者；②急性溶血不能用糖皮质激素和免疫抑制剂控制者。,"[{'type': 'Disease', 'response': ['严重贫血', '全身衰竭', '溶血', '溶血危象', '急性溶血', '心功能失代偿']}, {'type': 'Drug', 'response': ['糖皮质激素', '免疫抑制剂']}, {'type': 'Symptom', 'response': ['None']}]"
即使是严重的反流，如患儿年龄小，肾功能好，无生长发育障碍预防性抗生素虑药物治疗。,"[{'type': 'Disease', 'response': ['生长发育障碍', '反流']}, {'type': 'Drug', 'response': ['预防性抗生素']}, {'type': 'Symptom', 'response': ['None']}]"
膀胱输尿管反流和梗阻并存Teflon管胶原蛋白或伴有较大的输尿管旁憩室、或输尿管开口于膀胱憩室内时首先考虑手术。,"[{'type': 'Disease', 'response': ['输尿管旁憩室', '膀胱输尿管反流', '梗阻']}, {'type': 'Drug', 'response': ['Teflon管胶原蛋白']}, {'type': 'Symptom', 'response': ['None']}]"
Teflon微粒由于可渗入血流，引起肺、脑等关键脏器的栓塞，或在注射局部形成肉芽肿，至今尚未获得美国食品和药品监督局（FDA）的批准。,"[{'type': 'Disease', 'response': ['肉芽肿']}, {'type': 'Drug', 'response': ['Teflon微粒']}, {'type': 'Symptom', 'response': ['None']}]"
设法去除呼吸道内黏稠分泌物，加强肺部物理治疗，尤其是胸部叩打和体位引流，根据病情每天1～4次；注意口服补液或静脉补液，尤其是炎热季节及伴发急性胃肠炎时，防止脱水和气道分泌物干燥黏稠；雾化吸入0.45～0.9%氯化钠可湿化气道、稀化痰液，亦可加用人重组DNA酶（2.5mg，每天1次）雾化吸入。,"[{'type': 'Disease', 'response': ['急性胃肠炎']}, {'type': 'Drug', 'response': ['氯化钠', '人重组DNA酶']}, {'type': 'Symptom', 'response': ['None']}]"
AZT常见的不良反应为血液学毒性，包括粒细胞减少症及贫血，常有头痛。,"[{'type': 'Disease', 'response': ['None']}, {'type': 'Drug', 'response': ['AZT']}, {'type': 'Symptom', 'response': ['None']}]"
NVP的主要不良反应是皮疹，可发展为危及生命的大疱性渗出性红斑，应即刻停药。,"[{'type': 'Disease', 'response': ['皮疹', '大疱性渗出性红斑']}, {'type': 'Drug', 'response': ['NVP']}, {'type': 'Symptom', 'response': ['None']}]"
有结核接触史或PPD皮肤试验强阳性的HIV感染儿童，应用异烟肼预防性治疗9～12个月。,"[{'type': 'Disease', 'response': ['结核', 'HIV感染', 'PPD皮肤试验']}, {'type': 'Drug', 'response': ['异烟肼']}, {'type': 'Symptom', 'response': ['None']}]"
ICU内患儿病情危重，免疫功能低下，容易发生交叉感染，加之长期强有力抗生素的使用，容易产生耐药性细菌株，故无菌监测至关重要。,"[{'type': 'Disease', 'response': ['交叉感染']}, {'type': 'Drug', 'response': ['抗生素']}, {'type': 'Symptom', 'response': ['None']}]"
目前认为，质子泵抑制剂能更快地缓解反流症状，加速反流性食管炎的愈合，尤其对中重度食管炎及其并发症，此药应作为首选。,"[{'type': 'Disease', 'response': ['反流性食管炎', '中重度食管炎']}, {'type': 'Drug', 'response': ['质子泵抑制剂']}, {'type': 'Symptom', 'response': ['None']}]"
咖啡因和茶碱已用于治疗早产儿呼吸暂停。,"[{'type': 'Disease', 'response': ['早产儿', '呼吸暂停']}, {'type': 'Drug', 'response': ['茶碱', '咖啡因']}, {'type': 'Symptom', 'response': ['None']}]"
对于存在肺血流增加，出现充血性心力衰竭的患儿，出生后3个月内以抗心力衰竭药物治疗，同时行肺动脉环缩术，防止肺高压、肺血管疾病的发展，控制心力衰竭症状。,"[{'type': 'Disease', 'response': ['肺血管疾病', '肺高压', '心力衰竭', '充血性心力衰竭']}, {'type': 'Drug', 'response': ['抗心力衰竭药物']}, {'type': 'Symptom', 'response': ['None']}]"
图9-37Fontan手术后，心房间交通被Amplatzer房间隔缺损闭塞器堵塞术后应给予阿司匹林或其他抗凝剂防止静脉血栓形成。,"[{'type': 'Disease', 'response': ['静脉血栓', '心房间交通被Amplatzer房间隔缺损闭塞器堵塞', '术后']}, {'type': 'Drug', 'response': ['阿司匹林', '抗凝剂']}, {'type': 'Symptom', 'response': ['None']}]"
这可能与术后心脏结构重建、左心室功能变化引起心肌休整功能紊乱有关，术后早期使用血管扩张剂可有助于提高心排出量。,"[{'type': 'Disease', 'response': ['心肌休整功能紊乱']}, {'type': 'Drug', 'response': ['血管扩张剂']}, {'type': 'Symptom', 'response': ['None']}]"
患儿一般情况良好，无痛，不影响吃奶，偶有个别因累及消化道、呼吸道而出现呕吐、声嘶或呼吸困难鹅口疮的治疗，主要是用碱性药物及制霉菌素。,"[{'type': 'Disease', 'response': ['鹅口疮']}, {'type': 'Drug', 'response': ['碱性药物', '制霉菌素']}, {'type': 'Symptom', 'response': ['None']}]"
早产儿肝脏内维生素A的贮存量更少，且脂肪吸收能力也有限，生长发育的速度又较快，故更容易发生维生素A缺乏症。,"[{'type': 'Disease', 'response': ['维生素A缺乏症', '早产儿']}, {'type': 'Drug', 'response': ['维生素A']}, {'type': 'Symptom', 'response': ['None']}]"
亚临床维生素A缺乏是指儿童因维生素A摄入不足导致的轻度维生素A缺乏，其特点是无典型的临床表现。,"[{'type': 'Disease', 'response': ['亚临床维生素A缺乏', '轻度维生素A缺乏']}, {'type': 'Drug', 'response': ['维生素A']}, {'type': 'Symptom', 'response': ['None']}]"
必要时保持两眼清洁，使用抗生素眼膏，角膜溃疡者用1%阿托品滴眼防止虹膜粘连。,"[{'type': 'Disease', 'response': ['角膜溃疡', '虹膜粘连']}, {'type': 'Drug', 'response': ['1%阿托品', '抗生素眼膏']}, {'type': 'Symptom', 'response': ['None']}]"
1分钟评分与动脉血pH相关，但不完全一致，如母亲分娩时用麻醉药或止痛药使新生儿生后呼吸抑制，Apgar评分虽低，但无宫内缺氧，血气改变相对较轻。,"[{'type': 'Disease', 'response': ['宫内缺氧', '呼吸抑制']}, {'type': 'Drug', 'response': ['麻醉药', '止痛药']}, {'type': 'Symptom', 'response': ['None']}]"
③复苏过程中禁用高张葡萄糖，因为应激时血糖已升高，给予高张葡萄糖可增加颅内出血发生的机会，同时糖的无氧酵解增加，加重代谢性酸中毒。,"[{'type': 'Disease', 'response': ['代谢性酸中毒', '颅内出血']}, {'type': 'Drug', 'response': ['高张葡萄糖']}, {'type': 'Symptom', 'response': ['None']}]"
（1）肾上腺素：①作用：可直接兴奋心肌起搏组织和传导系统的β受体，使心率加快，心输出量增加，同时兴奋血管α受体，使血管收缩，血压增高；②指征：心率为0或胸外心脏按压30秒后，心率仍持续＜60次/分；③方法：给予1∶10000肾上腺素，0.1～0.3ml/kg静脉注入，或0.3～1ml/kg气管内注入，3～5分钟重复一次；④疗效评价：给药30秒后，有效者心率≥100次/分；无效者应考虑是否存在代谢性酸中毒和有效血容量减少等。,"[{'type': 'Disease', 'response': ['代谢性酸中毒', '血管收缩', '有效血容量减少']}, {'type': 'Drug', 'response': ['肾上腺素']}, {'type': 'Symptom', 'response': ['None']}]"
（3）纳洛酮（naloxone）：①作用：是半合成吗啡拮抗剂，阻断吗啡样物质与其受体结合，从而拮抗所有吗啡类镇痛药的呼吸抑制、缩瞳、胆总管痉挛及致幻作用，并降低镇痛效应。,"[{'type': 'Disease', 'response': ['None']}, {'type': 'Drug', 'response': ['纳洛酮', '镇痛', '非那哌啉', 'naloxone', '吗啡', '吗啡类镇痛药', '毒麻黄碱', '吗啡样物质']}, {'type': 'Symptom', 'response': ['None']}]"
RVH的发生与肾动脉狭窄发生的速度和时期有一定关系，肾动脉发生栓塞的数分钟内可出现高血压，即急性期，此时多为肾素依赖性高血压，如应用ACEI可使血压迅速有效地下降，数日或数周后进入过渡期，此期的血浆肾素和血管紧张素仍维持较高水平，但钠、水潴留已起作用，ACEI的应用仍可使血压下降，但速度减慢。,"[{'type': 'Disease', 'response': ['肾动脉狭窄', '钠、水潴留', '肾素依赖性高血压', '血管紧张素', '高血压', 'RVH', '肾动脉发生栓塞']}, {'type': 'Drug', 'response': ['ACEI']}, {'type': 'Symptom', 'response': ['None']}]"
检查时还可静脉注射利尿剂，可使健侧肾盂造影剂迅速“洗脱”，患肾由于肾小球滤过率少，造影剂排出缓慢，从而扩大了两肾排泄造影剂的差别，有利于提高RVH的诊断。,"[{'type': 'Disease', 'response': ['RVH']}, {'type': 'Drug', 'response': ['利尿剂', '造影剂']}, {'type': 'Symptom', 'response': ['None']}]"
需在停用降压和利尿药2周后检测，而停用降压利尿药有发生高血压严重并发症的危险，又因小儿原发性高血压、肾实质性高血压，PRA亦可升高，故对RVH的诊断的敏感性和特异性均很差。,"[{'type': 'Disease', 'response': ['原发性高血压', '肾实质性高血压', '高血压', 'RVH']}, {'type': 'Drug', 'response': ['利尿药', '降压和利尿药', '降压利尿药']}, {'type': 'Symptom', 'response': ['None']}]"
如造影前，应控制高血压，以防伤口出血，造影后立即静注20%甘露醇20～40ml，继予补液，以减少急性肾衰竭和血管栓塞的并发症。,"[{'type': 'Disease', 'response': ['血管栓塞', '急性肾衰竭', '高血压']}, {'type': 'Drug', 'response': ['20%甘露醇']}, {'type': 'Symptom', 'response': ['None']}]"
但对一侧肾已有严重肾实质病变，一侧为肾动脉狭窄（RAS）或双侧RAS患者，可能诱发急性暂时性肾功能不全，不宜应用，因ACEI可减少ATⅡ生成使肾小球出球动脉舒张致肾小球滤过率下降，以致用药后肾功能恶化。,"[{'type': 'Disease', 'response': ['一侧肾已有严重肾实质病变', '双侧RAS', '肾动脉狭窄', 'RAS', '急性暂时性肾功能不全']}, {'type': 'Drug', 'response': ['ACEI']}, {'type': 'Symptom', 'response': ['None']}]"
婴儿作食管造影检查宜用碘油或水溶性造影剂，因钡剂造影剂如吸入气管支气管内，有加重呼吸困难或引致吸入性肺炎的危险。,"[{'type': 'Disease', 'response': ['吸入性肺炎']}, {'type': 'Drug', 'response': ['水溶性造影剂', '钡剂造影剂', '碘油']}, {'type': 'Symptom', 'response': ['None']}]"
（三）早产儿贫血的治疗1.使用重组人促红细胞生成素（rhEPO）（1）预防：对出生体重小于1500g的早产儿，生后7天，给rhEPO200U/kg，每周3次，皮下注射或静脉滴注，疗程4周。,"[{'type': 'Disease', 'response': ['贫血', '早产儿']}, {'type': 'Drug', 'response': ['rhEPO', '重组人促红细胞生成素']}, {'type': 'Symptom', 'response': ['None']}]"
表8-22喷射性雾化吸入用药注：普米克令舒可与0.9%生理盐水、特布他林、沙丁胺醇、色甘酸钠和溴化异丙托品混合使用表8-23儿童哮喘严重度分级注：①评估过去2～4周日间症状、夜间症状/憋醒、应急缓解药使用和活动受限情况；②患儿只要具有某级严重程度的任一项特点，就将其列为该级别；③任何级别严重程度，包括间歇状态，都可以出现严重的急性发作表8-24儿童哮喘控制水平分级注：①评估过去2～4周日间症状、夜间症状/憋醒、应急缓解药使用和活动受限情况；②出现任何一次急性发作都应复核维持治疗方案是否需要调整（二）确定长期治疗方案根据年龄分为5岁及以上儿童哮喘和5岁以下儿童哮喘的长期治疗方案。,"[{'type': 'Disease', 'response': ['儿童哮喘', '活动受限', '哮喘严重度分级']}, {'type': 'Drug', 'response': ['色甘酸钠', '沙丁胺醇', '溴化异丙托品', '特布他林', '普米克令舒', '注射用', '生理盐水', '0.9%']}, {'type': 'Symptom', 'response': ['None']}]"
呼吸系统本身的疾病存在阻碍了降低PaCO2</sub>的代偿机制，结果使pH下降显著慢性呼吸性酸中毒伴有充血性心力衰竭时，如过度使用利尿剂可出现代谢性碱中毒，此时血浆水平和pH将高于单纯的慢性呼吸性酸中毒。,"[{'type': 'Disease', 'response': ['呼吸系统本身的疾病', '代谢性碱中毒', '慢性呼吸性酸中毒', '充血性心力衰竭']}, {'type': 'Drug', 'response': ['利尿剂']}, {'type': 'Symptom', 'response': ['None']}]"
单独补充维生素D不能纠正低磷血症及生长迟缓。,"[{'type': 'Disease', 'response': ['低磷血症', '生长迟缓']}, {'type': 'Drug', 'response': ['维生素D']}, {'type': 'Symptom', 'response': ['None']}]"
铁剂服量过大可产生中毒现象，患儿可出现恶心、呕吐、不安，严重者可发生昏迷、肝坏死、胃肠道出血或末梢循环衰竭。,"[{'type': 'Disease', 'response': ['胃肠道出血', '中毒', '肝坏死', '末梢循环衰竭']}, {'type': 'Drug', 'response': ['铁剂']}, {'type': 'Symptom', 'response': ['None']}]"
对伴有尿道平滑肌痉挛的逼尿肌反射亢进，可应用α受体阻滞剂酚苄明（松弛膀胱出口和尿道平滑肌），可单用或与抗胆碱能药物普鲁苯辛或与氯化羟丁宁合用。,"[{'type': 'Disease', 'response': ['尿道平滑肌痉挛']}, {'type': 'Drug', 'response': ['氯化羟丁宁', '普鲁苯辛', '酚苄明', '抗胆碱能药物', 'α受体阻滞剂']}, {'type': 'Symptom', 'response': ['None']}]"
对伴有尿道外括约肌痉挛的逼尿肌反射亢进，为减轻逼尿肌收缩和解除尿道外括约肌痉挛，降低排尿阻力，可使用骨骼肌松弛剂如硝苯呋海因钠，多突触抑制剂如肼双二乙胺三嗪、氯苯氨丁酸和地西泮以及抗胆碱能药物。,"[{'type': 'Disease', 'response': ['尿道外括约肌痉挛']}, {'type': 'Drug', 'response': ['抗胆碱能药物', '硝苯呋海因钠', '肼双二乙胺三嗪', '氯苯氨丁酸', '多突触抑制剂', '地西泮']}, {'type': 'Symptom', 'response': ['None']}]"
丙咪嗪（Imipramine）是目前较为常用的药物，临床上主要用于小儿遗尿症，由于其具有抑制逼尿肌异常反射、增加膀胱容量以及增加尿道内压力的作用，也可治疗因无抑制收缩膀胱导致尿失禁的神经源性膀胱患儿。,"[{'type': 'Disease', 'response': ['神经源性膀胱', '尿失禁', '小儿遗尿症']}, {'type': 'Drug', 'response': ['丙咪嗪', 'Imipramine']}, {'type': 'Symptom', 'response': ['None']}]"
近年来，有关神经肽在下尿路中的生理和病理作用越来越受到重视，有实验证明P物质不但作为痛觉和炎症的调节因子，还可通过特异性受体对下尿路平滑肌产生收缩作用，临床上也据此采用辣椒素（capsaicin）进行膀胱内灌注以耗竭P物质，减少逼尿肌收缩，改善逼尿肌反射亢进和膀胱过敏等症状，取得较好的疗效。,"[{'type': 'Disease', 'response': ['炎症']}, {'type': 'Drug', 'response': ['capsaicin', '肌肽', '特异性受体', '辣椒素']}, {'type': 'Symptom', 'response': ['膀胱过敏', '逼尿肌反射亢进']}]"
除特氟隆外，戊二醛交联的牛胶原蛋白也是一种常用的生物注射材料，但它们可能引起特氟隆颗粒迁移至肺和脑实质、“特氟隆性肉芽肿”或胶原蛋白导致的急/慢性免疫反应等并发症。,"[{'type': 'Disease', 'response': ['急/慢性免疫反应', '特氟隆性肉芽肿']}, {'type': 'Drug', 'response': ['特氟隆', '特氟隆颗粒', '特氟隆蛋白', '戊二醛', '糖原蛋白']}, {'type': 'Symptom', 'response': ['None']}]"
第一节婴儿期（0～1岁）的膳食特点【婴儿期的营养需要】此期的生长发育是一生中最快的，一年内体重增加3倍，身长增加50%，故各种营养素的需求量大，但此时胃肠功能不成熟，存在矛盾；肝脏功能不完善，氨基酸要求高；肾脏功能不全，负担不能过大。,"[{'type': 'Disease', 'response': ['肾脏功能不全']}, {'type': 'Drug', 'response': ['营养素']}, {'type': 'Symptom', 'response': ['None']}]"
如蛋白质含量高，利于早产儿的快速生长；乳清蛋白与酪蛋白的比例为70∶30，脂肪和乳糖含量偏低，易于吸收；钠盐较高，利于补充早产儿钠的丢失；长链多不饱和脂肪酸，如二十二碳六烯酸（DHA）、花生四烯酸（AA）和牛磺酸，是足月成熟乳含量的1.5～2倍，对促进早产儿中枢神经系统和视网膜的发育有着积极的意义。,"[{'type': 'Disease', 'response': ['早产儿']}, {'type': 'Drug', 'response': ['牛磺酸', 'AA', '乳糖', '钠盐', '二十二碳六烯酸', '蛋白质', '酪蛋白', '长链多不饱和脂肪酸', 'DHA']}, {'type': 'Symptom', 'response': ['None']}]"
足月婴儿可选择普通婴儿奶粉，而对于早产儿来说，由于其生长要求更高，消化道功能不成熟，需要更多易消化吸收的营养素，故需要喂养早产儿配方奶。,"[{'type': 'Disease', 'response': ['早产儿', '早产']}, {'type': 'Drug', 'response': ['营养素', '普通婴儿奶粉']}, {'type': 'Symptom', 'response': ['None']}]"
此时，母乳分泌量往往也相对不足，随着婴儿月龄的增长，单纯乳类喂养已不能满足婴儿的生长需求；而且，小儿体内的储备铁已消耗完，而乳类中所含维生素及铁的量均不能满足生长发育的需要，如不及时补充，易患缺铁性贫血，还会造成以后喂养的困难。,"[{'type': 'Disease', 'response': ['缺铁性贫血']}, {'type': 'Drug', 'response': ['维生素', '铁']}, {'type': 'Symptom', 'response': ['None']}]"
【病因和发病机制】HSP发病机制尚未明确，下列情况可能为诱因如食物过敏（蛋类、乳类和豆类等）、药物（阿司匹林和抗生素等）、微生物（细菌、病毒和寄生虫等）、疫苗接种、麻醉以及恶性病变等。,"[{'type': 'Disease', 'response': ['HSP', '恶性病变']}, {'type': 'Drug', 'response': ['阿司匹林', '抗生素']}, {'type': 'Symptom', 'response': ['None']}]"
（二）对症治疗有荨麻疹或血管神经性水肿时，应用抗组胺药物和钙剂；腹痛时应用解痉剂，消化道出血时应禁食，可静脉注射西咪替丁20～40mg/（kg•d），必要时输血。,"[{'type': 'Disease', 'response': ['消化道出血', '血管神经性水肿', '腹痛', '荨麻疹']}, {'type': 'Drug', 'response': ['西咪替丁', '钙剂', '解痉剂', '抗组胺药物', '钙']}, {'type': 'Symptom', 'response': ['None']}]"
尿钾增高见于应用排钾利尿剂和肾上腺皮质激素等药物，也见于原发性醛固酮增多症、库欣综合征、Batter综合征以及肾小管酸中毒等疾病。,"[{'type': 'Disease', 'response': ['Batter综合征', '原发性醛固酮增多症', '库欣综合征', '肾小管酸中毒', '尿钾增高']}, {'type': 'Drug', 'response': ['肾上腺皮质激素']}, {'type': 'Symptom', 'response': ['None']}]"
尿磷增多见于Fanconi综合征、原发或者继发性甲状旁腺功能亢进、药物或重金属肾损害、应用大量皮质激素、利尿剂以及痛风、烧伤和各种佝偻病等。,"[{'type': 'Disease', 'response': ['烧伤', '痛风', '佝偻病', '原发或者继发性甲状旁腺功能亢进', '药物或重金属肾损害', 'Fanconi综合征']}, {'type': 'Drug', 'response': ['利尿剂', '皮质激素']}, {'type': 'Symptom', 'response': ['None']}]"
第四节营养性巨幼红细胞性贫血营养性巨幼红细胞性贫血（nutritionalmegaloblasticanemia）又称大细胞性贫血，主要由叶酸或（和）维生素B12</sub>直接或间接缺乏所致，大多因摄入不足而导致直接缺乏引起。,"[{'type': 'Disease', 'response': ['营养性巨幼红细胞性贫血', '大细胞性贫血', 'nutritionalmegaloblasticanemia']}, {'type': 'Drug', 'response': ['叶酸', '维生素B12']}, {'type': 'Symptom', 'response': ['None']}]"
因此，任何原因导致小肠病变均可使叶酸和维生素B12</sub>的吸收障碍，从而导致两者的缺乏，如慢性腹泻可严重影响叶酸、维生素B12</sub>的吸收。,"[{'type': 'Disease', 'response': ['吸收障碍', '小肠病变', '慢性腹泻']}, {'type': 'Drug', 'response': ['维生素B12', '叶酸']}, {'type': 'Symptom', 'response': ['None']}]"
空肠外科切除可引起叶酸缺乏，而回肠切除则可引起维生素B12</sub>的缺乏。,"[{'type': 'Disease', 'response': ['维生素B12</sub>的缺乏', '叶酸缺乏']}, {'type': 'Drug', 'response': ['维生素B12']}, {'type': 'Symptom', 'response': ['None']}]"
此外，肝脏病变可影响叶酸的正常代谢，使叶酸的生物转化发生障碍而致病。,"[{'type': 'Disease', 'response': ['肝脏病变', '影响叶酸的正常代谢', '使叶酸的生物转化发生障碍']}, {'type': 'Drug', 'response': ['None']}, {'type': 'Symptom', 'response': ['None']}]"
（四）先天性缺陷1.小肠先天性叶酸吸收缺陷是一种常染色体隐性遗传性疾病，可导致叶酸的吸收障碍。,"[{'type': 'Disease', 'response': ['小肠先天性叶酸吸收缺陷', '常染色体隐性遗传性疾病', '先天性缺陷', '叶酸的吸收障碍']}, {'type': 'Drug', 'response': ['叶酸']}, {'type': 'Symptom', 'response': ['None']}]"
病因为胃壁细胞不能分泌内因子（IF）而使维生素B12</sub>吸收障碍所致。,"[{'type': 'Disease', 'response': ['吸收障碍']}, {'type': 'Drug', 'response': ['维生素B12']}, {'type': 'Symptom', 'response': ['None']}]"
3.先天性转钴胺蛋白缺陷转钴胺蛋白Ⅱ（TCⅡ）是维生素B12</sub>的主要转运蛋白，先天性转钴胺蛋白缺陷可以导致维生素B12</sub>转运障碍，从而出现维生素B12</sub>的间接缺陷。,"[{'type': 'Disease', 'response': ['先天性转钴胺蛋白缺陷', '维生素B12</sub>的间接缺陷', '维生素B12</sub>转运障碍']}, {'type': 'Drug', 'response': ['转钴胺蛋白Ⅱ', '维生素B12']}, {'type': 'Symptom', 'response': ['None']}]"
叶酸不能改善维生素B12</sub>缺乏引起的神经症状，故在无明显神经症状的巨幼红细胞性贫血可用叶酸进行治疗。,"[{'type': 'Disease', 'response': ['巨幼红细胞性贫血', '神经症状']}, {'type': 'Drug', 'response': ['叶酸', '维生素B12']}, {'type': 'Symptom', 'response': ['None']}]"
（四）泌尿系统VLBW的肾功能差，肾小球滤过率较低；肾脏浓缩功能亦差，肾小管对葡萄糖的重吸收阈值低，给予高浓度葡萄糖补液可以造成高血糖和渗透性利尿。,"[{'type': 'Disease', 'response': ['高血糖', '药物', '泌尿系统VLBW']}, {'type': 'Drug', 'response': ['高浓度葡萄糖']}, {'type': 'Symptom', 'response': ['肾小管对葡萄糖的重吸收阈值低', '重吸收葡萄糖的能力下降', '肾功能差', '肾小球滤过率较低', '透性利尿', '肾脏浓缩功能亦差']}]"
VLBW的消化器官未能正常活动是因为：肠道神经丛处于未成熟阶段，加上低血糖及其他刺激，使交感神经的兴奋性增高；潜水反射使进入肠道的血流减少，导致肠道活动能力低下；母亲的某些用药，如控制妊高征的硫酸镁可以使乙酰胆碱释放减少，并使神经-肌紧张反射功能低下。,"[{'type': 'Disease', 'response': ['VLBW', '低血糖', '妊高征']}, {'type': 'Drug', 'response': ['硫酸镁']}, {'type': 'Symptom', 'response': ['None']}]"
出生后3天内，由于不显性失水的增加以及排尿和使用含钠盐溶液，可以造成高钠血症的出现。,"[{'type': 'Disease', 'response': ['高钠血症']}, {'type': 'Drug', 'response': ['含钠盐溶液']}, {'type': 'Symptom', 'response': ['None']}]"
而对于出生3天后的VLBW，由于其肾小管重吸收功能差，尿中排钠量高，母乳中钠含量随出生后天数的增加而相应地持续减少，如加上利尿剂的使用，可以造成低钠血症。,"[{'type': 'Disease', 'response': ['低钠血症', 'VLBW']}, {'type': 'Drug', 'response': ['利尿剂']}, {'type': 'Symptom', 'response': ['None']}]"
代谢性碱中毒的发生，可能与排钠钾性利尿剂的持续使用有关，造成肾小管对钠钾的重吸收障碍，同时利尿剂抑制了对氯离子的重吸收，则发生低氯性代谢性碱中毒。,"[{'type': 'Disease', 'response': ['低氯性代谢性碱中毒', '代谢性碱中毒']}, {'type': 'Drug', 'response': ['钠钾', '利尿剂']}, {'type': 'Symptom', 'response': ['None']}]"
参考文献1.AllahabadiaA，DaykinJ，SheppardMC，etal.Radioiodinetreatmentofhyperthyroidism-prognosticfactorsforoutcome.JClinEndocrinolMetab.2001，86：3611-36112.ArslanogluI，KutluH，IsguvenP，etal.DiagnosticvalueofpituitaryMRIindifferentiationofchildrenwithnormalgrowthhormonesecretion，isolatedgrowthhormonedeficiencyandmultiplepituitaryhormonedeficiency.JPediatrEndocrinolMetab.2001，14：517-5173.CarelJC，EugsterEA，RogolA，etal.ConsensusStatementontheuseofgonadotropin-releasinghormoneanalogsinchildren.Pediatrics，2009，123（4）：e752-7524.GillamMP，KoppP.Geneticregulationofthyroiddevelopment.CurrOpinPediatr.2001，13：358-3585.GlaserNS，StyneDM，OrganizationofPediatricEndocrinologistsofNorthernCaliforniaCollaborativeGraves’DiseaseStudyGroup.PredictingthelikelihoodofremissioninchildrenwithGraves’disease：aprospective，multicenterstudy.Pediatrics.2008，121：e481-4886.LazarL，PadoaA，PhillipM.GrowthPatternandFinalHeightafterCessationofGonadotropin-SuppressiveTherapyinGirlswithCentralsexualprecocity.JClinEndocrinolMetab，2007，92：3483-34837.Behrman，kliegman，Jenson.NelsonTextbookofPediatric.17thedition，20048.KyriakieSarafoglou.PediatricEndocrinologyandInbornErrorsofMetabolism.McGrawHillMedical，20099.SpeiserPW，AzzizR，BaskinLS，etal.Congenitaladrenalhyperplasiaduetosteroid21-hydroxylasedeficiency：anEndocrineSocietyclinicalpracticeguideline.JClinEndocrinolMetab，2010，95：4133-416010.SexualPrecocity.JClinEndocrinolMetab，92：3483-348311.SpeiserPW，AzzizR，BaskinLS，etal.Congenitaladrenalhyperplasiaduetosteroid21-hydroxylasedeficiency：anEndocrineSocietyclinicalpracticeguideline.JClinEndocrinolMetab.2010，95：4133-416012.沈水仙，付华，陈兆文，等.上海市儿童1型糖尿病发病率调查（1980—1991）.中华内分泌代谢杂志，1994（10）：20213.王伟，江静，孙文鑫，等.国产重组人生长激素治疗55例儿童生长激素缺乏症临床综合分析.中华儿科杂志，1999，37：206-20614.曾畿生，王德芬.现代儿科内分泌学基础与临床.上海：上海科学技术文献出版社，2001：355-35515.中华医学会儿科学分会内分泌遗传代谢学组.矮身材儿童诊治指南.中华儿科杂志，2008，46：428-43016.中华医学会儿科学分会内分泌遗传代谢学组.儿童糖尿病酮症酸中毒诊疗指南.中华儿科杂志，2009，47：421-42517.中华医学会儿科学分会内分泌遗传代谢学组.中枢性（真性）性早熟诊治指南.中华儿科杂志，2007，45：426-42718.胡亚美.诸福堂实用儿科学.第7版.北京：人民卫生出版社，2002,"[{'type': 'Disease', 'response': ['儿童生长激素缺乏症', '1型糖尿病', '儿童糖尿病酮症酸中毒', '早熟', 'Graves’disease', '胰岛素抵抗', '细胞生长激素缺乏症', '胰岛素抵抗', '儿童生长激素缺乏症', '甲状腺功能异常', '1型糖尿病', '甲状腺功能异常', '细胞生长激素缺乏症', '细胞生长激素缺乏症', '甲状腺功能异常', '细胞生长激素缺乏症', '胰岛素抵抗', '甲状腺功能异常', '儿童糖尿病酮症酸中毒', '细胞生长激素缺乏症', '1型糖尿病']}, {'type': 'Drug', 'response': ['None']}, {'type': 'Symptom', 'response': ['None']}]"
早期和轻度的食管炎引起食管痉挛性收缩，在钡剂造影时常可以看到食管下端数厘米的一段轻度狭窄，其上方有少量钡剂存留，尚可通过食管黏膜面呈针尖状钡点影或颗粒状小结节影超声检查：食管有一半以上充盈，且在下段食管有液体来回运动为阳性反流的诊断标准。,"[{'type': 'Disease', 'response': ['早期和轻度的食管炎', '钡剂造影', '食管痉挛', '钡剂', '钡点影', '反流']}, {'type': 'Drug', 'response': ['None']}, {'type': 'Symptom', 'response': ['下段食管有液体来回运动', '食管有一半以上充盈', '食管下端数厘米的一段轻度狭窄', '食管黏膜面呈针尖状钡点影或颗粒状小结节影']}]"
钡餐检查具特异性，其特征改变为：①幽门管梗阻征象：钡剂排空延迟，胃蠕动增强幽门管细长呈线样征及鸟嘴征；③幽门环肌肥厚产生的征象：肥厚的环肌在胃窦的压迹呈肩样征，在十二指肠球底压迹呈蕈样征超声检查：可探得幽门管的长度和幽门壁的厚度以协助诊断。,"[{'type': 'Disease', 'response': ['肥厚的环肌在胃窦的压迹呈肩样征', '幽门管梗阻', '鸟嘴征', '幽门环肌肥厚']}, {'type': 'Drug', 'response': ['None']}, {'type': 'Symptom', 'response': ['胃蠕动增强', '钡剂排空延迟', '胃窦的压迹呈蕈样征', '钡餐检查具特异性，其特征改变为：①幽门管梗阻征象：钡剂排空延迟，胃蠕动增强幽门管细长呈线样征及鸟嘴征', '③幽门环肌肥厚']}]"
十二指肠溃疡显示除胃溃疡的征象外，还可见球部变形，造影剂通过球部较快。,"[{'type': 'Disease', 'response': ['十二指肠溃疡', '胃溃疡']}, {'type': 'Drug', 'response': ['造影剂']}, {'type': 'Symptom', 'response': ['None']}]"
大多见于早产、弱小婴儿、重度营养不良或有腭裂的婴儿，如平卧喂奶或小儿哭叫时强迫服药易造成吸入；也见于用麻醉剂、中枢神经系统疾病等导致咽部反射或咳嗽反射失灵的患儿。,"[{'type': 'Disease', 'response': ['中枢神经系统疾病', '早产', '弱小婴儿', '有腭裂', '重度营养不良']}, {'type': 'Drug', 'response': ['麻醉剂']}, {'type': 'Symptom', 'response': ['None']}]"
近年来，国内有报道应用大剂量地西泮治疗重症新生儿破伤风有较好疗效，即患儿入院后先用地西泮3～5mg注射，15分钟后未达“地西泮化”者加用7.5mg，静脉缓推，最大量每次10mg，达“地西泮化”后每2～3小时给地西泮化量的地西泮1次维持，一般要求用量达到“地西泮化”标准，即患儿浅睡，咳嗽吞咽反射存在，体检时无抽搐，仅在注射、穿刺或吸痰时出现短暂肌强硬，下次给药前可有轻微而短暂的抽搐，但无明显发绀。,"[{'type': 'Disease', 'response': ['抽搐', '重症新生儿破伤风']}, {'type': 'Drug', 'response': ['地西泮']}, {'type': 'Symptom', 'response': ['肌强硬', '发绀', '窒息', '咳嗽吞咽反射存在', '短暂抽搐']}]"
4.水合氯醛止痉作用快，作为痉挛发作时临时性增加药物。,"[{'type': 'Disease', 'response': ['痉挛']}, {'type': 'Drug', 'response': ['水合氯醛']}, {'type': 'Symptom', 'response': ['None']}]"
人体破伤风免疫球蛋白（TIG）不会产生血清病等过敏反应，其血浓度较高，半衰期长达24天，故更理想，但其价格昂贵不易获得，新生儿肌注500～1500U即可。,"[{'type': 'Disease', 'response': ['过敏反应', '血清病', '破伤风']}, {'type': 'Drug', 'response': ['人体破伤风免疫球蛋白', 'TIG']}, {'type': 'Symptom', 'response': ['None']}]"
机体缺乏抵抗力，如婴儿，由于体内产生抗体的器官尚未发育完善，抗体缺乏，全身抵抗力低下；伴有影响机体抵抗力的各种疾病，如白血病、恶性肿瘤、结核、糖尿病、严重烧伤、营养不良、肝脏疾病及维生素缺乏等某些疾病后机体抵抗力受损或低下；特别是中性粒细胞减少的患者最容易并发念珠菌感染等真菌感染，此类患者使用抗生素后仍有发热，并有肌痛、关节痛、内眼炎，或有心动过速、呼吸困难或皮肤有红斑丘疹结节，高度提示有系统性或播散性念珠菌病的可能。,"[{'type': 'Disease', 'response': ['严重烧伤', '心脏病', '糖尿病', '维生素缺乏', '恶性肿瘤', '严重烧伤', '皮肤有红斑丘疹结节', '内眼炎', '心脏疾病', '白血病', '维生素缺乏', '营养不良', '微生物感染', '得了念珠菌感染', '系统性或播散性念珠菌病', '结核']}, {'type': 'Drug', 'response': ['None']}, {'type': 'Symptom', 'response': ['机体抵抗力低下', '机体缺乏抵抗力', '感染', '肝脏疾病及维生素缺乏', '肌痛', '发热', '内眼炎', '心动过速', '关节痛', '呼吸困难']}]"
例如内脏念珠菌病多为继发性感染，属于内源性，大量广谱抗生素、放疗、化疗和肾上腺皮质激素促进了上皮表面，尤其是口咽部和消化道念珠菌的大量生长和侵入，而肺部感染多由吸入念珠菌引起。,"[{'type': 'Disease', 'response': ['肺部感染', '内脏念珠菌病', '继发性感染', '内源性', '口咽部和消化道念珠菌的大量生长和侵入']}, {'type': 'Drug', 'response': ['广谱抗生素', '肾上腺皮质激素']}, {'type': 'Symptom', 'response': ['None']}]"
（3）继发性免疫功能低下：抗肿瘤药物导致外周血中性粒细胞减少；长期应用广谱抗菌药物、糖皮质激素以及其他免疫抑制剂；骨髓移植和器官移植后以及HIV感染和其他严重病毒感染等。,"[{'type': 'Disease', 'response': ['严重病毒感染', '外周血中性粒细胞减少', 'HIV感染']}, {'type': 'Drug', 'response': ['广谱抗菌药物', '糖皮质激素', '免疫抑制剂', '抗肿瘤药物']}, {'type': 'Symptom', 'response': ['None']}]"
（2）影像学提示肺部病变经抗菌药物治疗无好转或肺部出现新的非原发病的浸润影。,"[{'type': 'Disease', 'response': ['肺部病变', '肺部出现新的非原发病的浸润影']}, {'type': 'Drug', 'response': ['抗菌药物']}, {'type': 'Symptom', 'response': ['None']}]"
在部分患者，应用磷酸盐可加重低钙血症，诱发甲状旁腺功能亢进，可口服钙剂和维生素D预防。,"[{'type': 'Disease', 'response': ['低钙血症', '甲状旁腺功能亢进']}, {'type': 'Drug', 'response': ['钙剂', '磷酸盐', '维生素D']}, {'type': 'Symptom', 'response': ['None']}]"
4.药物史不少药物分别可损伤血管壁，影响血小板功能，抑制凝血，常用的如磺胺药、异烟肼、阿司匹林、双嘧达莫、肝素等；抗癌药则可直接抑制骨髓使血小板减少。,"[{'type': 'Disease', 'response': ['None']}, {'type': 'Drug', 'response': ['None']}, {'type': 'Symptom', 'response': ['None']}]"
表2-11常用溶液成分续表口服补液盐（oralrehydrationsalts，ORS）ORS是世界卫生组织推荐用以治疗急性腹泻合并脱水的一种溶液，经临床应用取得了良好效果，对发展中国家尤其适用。,"[{'type': 'Disease', 'response': ['None']}, {'type': 'Drug', 'response': ['口服补液盐', 'ORS', 'oralrehydrationsalts']}, {'type': 'Symptom', 'response': ['None']}]"
【临床表现】（一）早产儿血氧分压升高可使动脉导管收缩，而前列腺素E可使之扩张，此反应的灵敏程度与胎龄有关。,"[{'type': 'Disease', 'response': ['早产儿', '动脉导管收缩']}, {'type': 'Drug', 'response': ['前列腺素E']}, {'type': 'Symptom', 'response': ['None']}]"
前列腺素E的副作用有发热、呼吸暂停、心动过缓、低血压和癫痫样运动。,"[{'type': 'Disease', 'response': ['癫痫', '低血压']}, {'type': 'Drug', 'response': ['None']}, {'type': 'Symptom', 'response': ['心动过缓', '呼吸暂停', '发热', '前列腺素E的副作用', '低血氧']}]"
【鉴别诊断】（一）猩红热皮疹发生早（1～2天），粟粒样均匀丘疹，疹间皮肤潮红，发病年龄普遍＞3岁，青霉素治疗有效。,"[{'type': 'Disease', 'response': ['猩红热皮疹']}, {'type': 'Drug', 'response': ['青霉素']}, {'type': 'Symptom', 'response': ['None']}]"
（四）系统性红斑狼疮面部蝶形、盘状红斑、脱发、关节炎、白细胞减少、血小板减少及抗核抗体阳性阿司匹林发热时用量30～50mg/（kg•d），热退后2～3天可根据血小板数及血凝状态调整剂量，一般为5～10mg/（kg•d）再用6～8周。,"[{'type': 'Disease', 'response': ['系统性红斑狼疮', '关节炎']}, {'type': 'Drug', 'response': ['阿司匹林']}, {'type': 'Symptom', 'response': ['None']}]"
近年主张皮质激素用于IVIG无反应川崎患儿，在首剂给予IVIG2g/kg后36小时发热不退，追加IVIG2g/kg，36小时仍发热，除外感染之后，可考虑短程小剂量使用皮质激素。,"[{'type': 'Disease', 'response': ['感染', '川崎']}, {'type': 'Drug', 'response': ['IVIG', 'IVIG2', '皮质激素']}, {'type': 'Symptom', 'response': ['None']}]"
Kato等人用尿激酶（8000～10000U/kg），通过插管滴入冠状动脉内治疗15例巨大冠脉内血栓形成患者，结果血栓完全消失3/15例，部分消失4/15例，1例已有心肌梗死者出现再通，7例无变化，随访2年无死亡或心肌梗死病例发生。,"[{'type': 'Disease', 'response': ['心肌梗死', '巨大冠脉内血栓', '血栓']}, {'type': 'Drug', 'response': ['尿激酶']}, {'type': 'Symptom', 'response': ['None']}]"
（七）对于脑室内出血的预防和治疗要防止反复低氧的发生、血压的波动和高渗性补液的输注（VLBW应用的葡萄糖溶液浓度应低于8%），同时应用头颅B超或CT对小儿颅内情况进行连续监测，部分资料显示的应用苯巴比妥或吲哚美辛（消炎痛）及布洛芬都有部分预防脑室内出血的结果，但尚缺乏大样本多中心临床试验结果的支持。,"[{'type': 'Disease', 'response': ['脑室内出血', '脑室内出现低氧', '高渗性补液的输注', 'VLBW', '脑室内出血']}, {'type': 'Drug', 'response': ['苯巴比妥', '布洛芬', '消炎痛', '苯巴比妥或吲哚美辛']}, {'type': 'Symptom', 'response': ['None']}]"
5.其他电解质慢性肾衰病人不能充分排泄氯离子，高氯血症与钠浓度成正比；血钙浓度往往降低，慢性肾衰患者常能忍受低血钙而不致搐搦，这些患者的肠道钙的吸收能力下降，口服活性维生素D可提高血钙浓度；当GFR＜20ml/min时，血镁可升高，尿血pH减少。,"[{'type': 'Disease', 'response': ['高氯血症', '慢性肾衰']}, {'type': 'Drug', 'response': ['活性维生素D']}, {'type': 'Symptom', 'response': ['血镁可升高', '血钙浓度往往降低', '肠道钙的吸收能力下降', '尿血pH减少', '肠道钙的吸收能力下降', '肠道钙的吸收能力下降', '肠道钙的吸收能力下降', '胃肠钙的吸收能力下降', '胃肠钙的吸收能力下降', '胃肠钙的吸收能力下降', '胃肠钙的吸收能力下降', '胃肠钙的吸收能力下降', '胃肠钙的吸收能力下降', '胃肠钙的吸收能力下降', '胃肠钙的吸收能力下降', '胃肠钙的吸收能力下降', '胃肠钙的吸收能力下降', '胃肠钙的吸收能力下降', '胃肠钙的吸收能力下降', '胃肠钙的吸收能力下降', '胃肠钙的吸收能力下降', '胃肠钙的吸收能力下降', '胃肠钙的吸收能力下降', '胃肠钙的吸收能力下降', '胃肠钙的吸收能力下降', '胃肠钙的吸收能力下降', '胃肠钙的吸收能力下降', '胃肠钙的吸收能力下降', '胃肠钙的吸收能力下降', '胃肠钙的吸收能力下降', '胃肠钙的吸收能力下降', '胃肠钙的吸收能力下降', '胃肠钙的吸收能力下降', '胃肠钙的吸收能力下降', '胃肠钙的吸收能力下降', '胃肠钙的吸收能力下降', '胃肠钙的吸收能力下降', '胃肠钙的吸收能力下降', '胃肠钙的吸收能力下降', '胃肠钙的吸收能力下降', '胃肠钙的吸收能力下降', '胃肠钙的吸收能力下降', '胃肠钙的吸收能力下降', '胃肠钙的吸收能力下降', '胃肠钙的吸收能力下降', '胃肠钙的吸收能力下降', '胃肠钙的吸收能力下降', '胃肠钙的吸收能力下降', '胃肠钙的吸收能力下降', '胃肠钙的吸收能力下降', '']}]"
（二）血管系统1.高血压常见原因有①GFR下降、NO分泌减少，使VDML血管减低的髓脂质下降，引起细胞外容量增加，心搏出量增加，继而外周阻力增加，血排钠利尿剂②肾素、血管紧张素及醛固酮系统活跃，肾素分泌过多。,"[{'type': 'Disease', 'response': ['高血压']}, {'type': 'Drug', 'response': ['排钠利尿剂', '血管紧张素']}, {'type': 'Symptom', 'response': ['外周阻力增加', '细胞外容量增加', '血管系统1.血管系统1.血管系统1.血管系统1.血管系统1.血管系统1.血管系统1.血管系统1.血管系统1.血管系统1.血管系统1.血管系统1.血管系统1.血管系统1.血管系统1.血管系统1.血管系统1.血管系统1.血管系统1.血管系统1.血管系统1.血管系统1.血管系统1.血管系统1.血管系统1.血管系统1.血管系统1.血管系统1.血管系统1.血管系统1.血管系统1.血管系统1.血管系统1.血管系统1.血管系统1.血管系统1.血管系统1.血管系统1.血管系统1.血管系统1.血管系统1.血管系统1.血管系统1.血管系统1.血管系统1.血管系统1.血管系统1.血管系统1.血管系统1.血管系统1.血管系统1.血管系统1.血管系统1.血管系统1.血管系统1.血管系统1.血管系统1.血管系统1.血管系统1.血管系统1.血管系统1.血管系统1.血管系统1.血管系统1.血管系统1.血管系统1.血管系统1.血管系统1.血管系统1.血管系统1.血管系统1.血管系统1.血管系统1.血管系统1.血管系统1.血管系统1.血管系统1.血管系统1.血管系统1.血管系统1.血管系统1.血管系统1.血管系统1.血管系统1.血管系统1.血管系统1.血管系统1.血管系统1.血管系统1.血管系统1.血管系统1.血管系统1.血管系统1.血管系统1.血管系统1.血管系统1.血管系统1.血管系统1.血管系统1.血管系统1.血管系统1.血管系统1.血管系统1.血管系统1.血管系统1.血管系统1.血管系统1.血管系统1.血管系统1.血管系统1.血管系统1.血管系统1.血管系统1.血管系统1.血管系统1.血管系统1.血管系统1.血管系统1.血管系统1.血管']}]"
降压药常用为血管紧张素转换酶抑制剂（ACEI）中的蒙诺（福辛普利fosinopril）或贝那普利（benazepril），此类药可扩张出入双氯噻嗪，但出球小动脉扩张更明显，从而使肾小球内压力降低，有利于延缓肾小球病变的进展，减少蛋白尿。,"[{'type': 'Disease', 'response': ['肾小球病变', '蛋白尿']}, {'type': 'Drug', 'response': ['血管紧张素转换酶抑制剂', 'benazepril', '蒙诺', 'ACEI', '动脉', '双氯噻嗪', '福辛普利fosinopril', '贝那普利']}, {'type': 'Symptom', 'response': ['None']}]"
已证明控制了β受体阻滞剂肾脏病患者其GFR下降速度低于未控制血压的患者。,"[{'type': 'Disease', 'response': ['肾病', '血压']}, {'type': 'Drug', 'response': ['β受体阻滞剂']}, {'type': 'Symptom', 'response': ['None']}]"
3.贫血与出血自从20世纪80年代应用重组人红细胞生成素（γHuEPO）治疗CRF患者的慢性贫血以来，基本上可使大多数病人不再接受输血。,"[{'type': 'Disease', 'response': ['贫血', '慢性贫血', 'CRF']}, {'type': 'Drug', 'response': ['γHuEPO', '重组人红细胞生成素']}, {'type': 'Symptom', 'response': ['None']}]"
给予重碳酸钠碱性药物时则尿中产氨下降，尿蛋白减少，理论上碱性药物有保护小管、间质受损的作用。,"[{'type': 'Disease', 'response': ['None']}, {'type': 'Drug', 'response': ['重碳酸钠碱性药物']}, {'type': 'Symptom', 'response': ['None']}]"
选用有效抗生素控制感染和体位引流痰液，解除支气管狭窄。,"[{'type': 'Disease', 'response': ['感染', '支气管狭窄']}, {'type': 'Drug', 'response': ['抗生素']}, {'type': 'Symptom', 'response': ['None']}]"
肠部分扭转者肠系膜静脉和淋巴回流受阻可致营养素吸收障碍、肠腔内蛋白质丢失；动脉供血不足致黏液缺血，出现黑便。,"[{'type': 'Disease', 'response': ['营养素吸收障碍', '黑便', '动脉供血不足', '肠腔内蛋白质丢失', '肠系膜静脉和淋巴回流受阻', '黏液缺血']}, {'type': 'Drug', 'response': ['None']}, {'type': 'Symptom', 'response': ['肠系膜静脉和淋巴回流受阻', '动脉供血不足']}]"
2.实验室检查①血清乳酸脱氢酶（LDH）水平与肿瘤成正相关，并和预后相关，因此在治疗前应进行评估；②高肿瘤负荷者可发生心、肝、肾等重要脏器的浸润而致功能不全，治疗前因仔细评估；③高负荷NHL在治疗前、初始治疗的一周内易发生肿瘤细胞溶解综合征，因此在这段时间内应定时进行肾功能、血电解质的监测；④进行增强CT检查前应先核实肾功能情况，有肿瘤细胞溶解综合征或肾功能不良时应避免增强CT，因造影剂可能加重肾功能不全；⑤外周血常规检查如存在贫血、血小板减少常提示为晚期或有骨髓浸润；⑥骨髓涂片可除外骨髓浸润；⑦浆膜腔液体沉渣涂片检查结合免疫表型检查有助于诊断、鉴别诊断和肿瘤浸润状态的评估。,"[{'type': 'Disease', 'response': ['贫血', '高肿瘤负荷', '肾功能不良', '高负荷NHL', '肾功能不全', '肿瘤', '骨髓浸润', '肿瘤细胞溶解综合征', '肾浸润', '肿瘤成正相关', '功能不全', '血小板减少', '造血综合征']}, {'type': 'Drug', 'response': ['造影剂']}, {'type': 'Symptom', 'response': ['骨髓浸润', '肝、肾等重要脏器的浸润']}]"
对已明确诊断的肿瘤负荷较大的患儿，应尽早采用3～7天低强度化疗（如糖皮质激素和长春新碱），同时给予水化2000～3000ml/m2</sup>、5%碳酸氢钠5ml/kg碱化尿液、别嘌呤醇10mg/kg抑制过多的尿酸形成，维持水电解质酸碱平衡，避免肿瘤细胞溶解过快造成的肿瘤细胞溶解综合征。,"[{'type': 'Disease', 'response': ['肿瘤细胞溶解综合征']}, {'type': 'Drug', 'response': ['碱化尿液', '别嘌呤醇', '长春新碱', '糖皮质激素', '5%碳酸氢钠']}, {'type': 'Symptom', 'response': ['None']}]"
运用放射性标记物评估肠道排空时间，有助于确定肠道病变的最高部位，确定手术切除的长度，判断可能伴发的肠神经元异常，如B型IND或神经节细胞缺乏的临床特征。,"[{'type': 'Disease', 'response': ['肠神经元异常', '肠道病变', '神经节细胞缺乏']}, {'type': 'Drug', 'response': ['放射性标记物']}, {'type': 'Symptom', 'response': ['None']}]"
发热的原因包括肿瘤性发热和感染性发热，前者用抗生素治疗无效，而用吲哚美辛0.5mg/kg，每8小时口服，热可退净，以此鉴别肿瘤性发热和感染性发热。,"[{'type': 'Disease', 'response': ['感染性发热', '肿瘤性发热', '发热']}, {'type': 'Drug', 'response': ['吲哚美辛', '抗生素']}, {'type': 'Symptom', 'response': ['None']}]"
化疗过程中应密切观察，进行有效的对症治疗和并发症的预防和治疗，包括瘤细胞性栓塞，肿瘤溶解综合征，水、电解质平衡，贫血，出血，DIC，各脏器特别是心、肝、肾正常功能的维持，各种感染及各种化疗药物毒副反应的防治。,"[{'type': 'Disease', 'response': ['贫血', '感染', '出血', '瘤细胞性栓塞', '贫血', 'DIC', '肿瘤溶解综合征', '水、电解质平衡']}, {'type': 'Drug', 'response': ['化疗药物']}, {'type': 'Symptom', 'response': ['None']}]"
若CR中发生TL，在治疗TL的同时，给予VDLDX和VP-16+Ara-c方案各一个疗程作全身治疗，以免由TL引发骨髓复发。,"[{'type': 'Disease', 'response': ['骨髓', 'TL', 'CR']}, {'type': 'Drug', 'response': ['Ara-c', 'VP-16', 'VDLDX']}, {'type': 'Symptom', 'response': ['None']}]"
（5）血制品应用：在贫血、出血的预防和治疗中十分重要，具体见第十篇第二章第三节。,"[{'type': 'Disease', 'response': ['贫血']}, {'type': 'Drug', 'response': ['血制品']}, {'type': 'Symptom', 'response': ['None']}]"
（二）降低颅内压如颅内压很高，发生脑疝，可适当使用20%甘露醇。,"[{'type': 'Disease', 'response': ['脑疝']}, {'type': 'Drug', 'response': ['20%甘露醇']}, {'type': 'Symptom', 'response': ['None']}]"
严重病例全身皮肤发红，继之发热、寒战，严重出血包括口腔黏膜出血大疱、胃肠道出血、血尿、肺出血、颅内出血等；某些服用奎宁的病例兼有微血管病性贫血并发急性肾衰竭。,"[{'type': 'Disease', 'response': ['颅内出血', '肺出血', '微血管病性贫血', '胃肠道出血', '急性肾衰竭']}, {'type': 'Drug', 'response': ['None']}, {'type': 'Symptom', 'response': ['严重病例全身皮肤发红', '发热', '寒战', '血尿', '口腔黏膜出血', '继之发热、寒战', '大疱']}]"
目前区别自然感染与BCG接种后过敏反应的方法，是根据阳性反应的强度和持久情况。,"[{'type': 'Disease', 'response': ['自然感染', '过敏反应', 'BCG接种']}, {'type': 'Drug', 'response': ['None']}, {'type': 'Symptom', 'response': ['None']}]"
自然感染时，结素反应多为强阳性反应（+++以上），且终生不消失；而BCG接种后多为弱阳性反应（红晕及硬肿平均直径＜10mm），且持续时间短，反应逐渐减弱，一般3～5年后完全消失。,"[{'type': 'Disease', 'response': ['自然感染']}, {'type': 'Drug', 'response': ['BCG']}, {'type': 'Symptom', 'response': ['None']}]"
胰腺外分泌功能不足会导致营养不良、贪食及生长障碍、营养缺乏，尤其是脂溶性维生素、维生素B<sub>12</sub>以及必需脂肪酸的缺乏。,"[{'type': 'Disease', 'response': ['生长障碍', '营养不良', '脂溶性维生素、维生素B<sub>12</sub>以及必需脂肪酸的缺乏', '贪食', '营养缺乏']}, {'type': 'Drug', 'response': ['维生素B<sub>12</sub>']}, {'type': 'Symptom', 'response': ['None']}]"
表11-14HD化疗方案*</sup>MOPP中M为氮芥**</sup>COPP中C为环磷酰胺【预后】HD在合理的治疗下预后良好，治愈率可达80%～90%，但反复复发的晚期广泛病变预后仍不良，HD可见远期复发。,"[{'type': 'Disease', 'response': ['HD']}, {'type': 'Drug', 'response': ['环磷酰胺', '氮芥', 'COPP', '中心肌', '环磷酰胺']}, {'type': 'Symptom', 'response': ['None']}]"
近年来，脏器移植手术后抗排斥药物和肿瘤化疗导致免疫功能低下并发肺部感染，主要为真菌、卡氏肺囊虫、条件性致病菌和病毒感染发展为ARDS，其预后差，此类免疫剥夺、免疫低下患儿的急性感染性肺损伤和ARDS，成为制约相关学科发展的重要疾病。,"[{'type': 'Disease', 'response': ['肺部感染', '免疫功能低下', '病毒感染', '急性感染性肺损伤', 'ARDS', '免疫剥夺', '免疫低下', '肺部感染', '真菌、卡氏肺囊虫、条件性致病菌和病毒感染']}, {'type': 'Drug', 'response': ['抗排斥药物']}, {'type': 'Symptom', 'response': ['None']}]"
应用指征为：在气道峰压＞2.5kPa（25cmH<sub>2</sub>O），顺应性＜0.5ml/（cmH<sub>2</sub>O•kg），氧合指数（OI）＞10，且持续低氧血症不得改善（＞6～12小时），排除由于呼吸机参数调节不当时，可以气道内滴入肺表面活性物质50～200mg/kg，必要时可以间隔6～12小时，再给予2～3次，每次100mg/kg，以获得迅速改善氧合、降低供氧浓度、缩短呼吸机治疗时间、提高存活率等效果。,"[{'type': 'Disease', 'response': ['低氧血症']}, {'type': 'Drug', 'response': ['肺表面活性物质']}, {'type': 'Symptom', 'response': ['None']}]"
3.糖皮质激素虽然持续的过度炎症反应和肺纤维化是导致晚期病情恶化和治疗困难的重要原因，但目前争论颇多，除了过敏、肾上腺皮质功能不全、感染性休克合并的ARDS，不宜常规使用糖皮质激素治疗，尤其是晚期ARDS。,"[{'type': 'Disease', 'response': ['感染性休克', '肾上腺皮质功能不全', '过敏', '肺纤维化', 'ARDS', '症状', '病情恶化', '炎症']}, {'type': 'Drug', 'response': ['糖皮质激素']}, {'type': 'Symptom', 'response': ['None']}]"
此外，获得性抽动障碍包括药物性（左旋多巴、抗精神病药物以及抗惊厥药）、外伤引发的抽动障碍，脑炎、风湿性舞蹈病以及皮质纹状体脊髓变性等感染性疾病，发育异常，精神发育异常，孤独症，卒中（中风），累及基底神经节的变性病（如帕金森病和进行性核上性麻痹），中毒（如一氧化碳中毒）。,"[{'type': 'Disease', 'response': ['进行性核上性麻痹', '中风', '脑炎', '一氧化碳中毒', '紧张症', '感染', '脑膜炎', '累及基底神经节的变性病', '皮质纹状体脊髓变性', '药物性（左旋多巴、抗精神病药物以及抗惊厥药）、外伤引发的抽动障碍', '发育异常', '孤独症', '脑膜炎', '紧张', '特发性抽动障碍', '脑炎、风湿性舞蹈病', '紧张症', '病毒感染', '中毒', '卒中（中风）', '一氧化碳中毒', '精神发育异常', '特发性抽动障碍', '脑膜炎', '紧张症', '特发性抽动障碍', '脑炎、风湿性舞蹈病以及皮质纹状体脊髓变性']}, {'type': 'Drug', 'response': ['None']}, {'type': 'Symptom', 'response': ['None']}]"
吩噻嗪（phenothiazine）治疗精神病时的副作用可为抽动样多动。,"[{'type': 'Disease', 'response': ['精神病']}, {'type': 'Drug', 'response': ['酮噻嗪', 'phenothiazine']}, {'type': 'Symptom', 'response': ['None']}]"
WD的实验室诊断依据包括血清铜蓝蛋白和血铜氧化酶的降低、24小时尿铜增加肝铜含量增加K-F环阳性WD的治疗包括螯合剂（青霉胺及曲恩汀）、锌剂、低铜饮食以及肝脏移植。,"[{'type': 'Disease', 'response': ['WD']}, {'type': 'Drug', 'response': ['锌剂', '青霉胺', '螯合剂', '曲恩汀', '锌']}, {'type': 'Symptom', 'response': ['24小时尿铜增加', '肝铜含量增加', '血清铜蓝蛋白和血铜氧化酶的降低', 'K-F环阳性', '肝脏移植', 'WD的实验室诊断']}]"
（一）螯合剂青霉胺可通过与铜螯合促进WD患儿尿铜排泄增加铜在症状前患者体内的蓄积。,"[{'type': 'Disease', 'response': ['WD']}, {'type': 'Drug', 'response': ['青霉胺', '铜螯合']}, {'type': 'Symptom', 'response': ['None']}]"
因此，有报道20%有明显神经系统症状WD患儿接受青霉胺治疗后反而神经系统症状铜含量降低到一定程度（血清游离铜含量＜10mg/dl，尿铜排泄＜80mg/d），则给予常规治疗剂量的一半终身维持治疗。,"[{'type': 'Disease', 'response': ['WD']}, {'type': 'Drug', 'response': ['青霉胺']}, {'type': 'Symptom', 'response': ['None']}]"
在应用青霉胺治疗的过程中，需定期监测尿常规和血常规，因为过敏反应如发热、皮疹、淋巴结病以及血恶液质等不良反应较为常见。,"[{'type': 'Disease', 'response': ['过敏反应', '淋巴结病']}, {'type': 'Drug', 'response': ['青霉胺']}, {'type': 'Symptom', 'response': ['血恶液质', '发热', '血常规异常', '皮疹']}]"
曲恩汀也是一种络合剂，可促进铜的排出，有时可作为伴有神经系统症状WD患者的一线药物，对各型患者均有效，一般剂量为40～50mg/（kg•d）。,"[{'type': 'Disease', 'response': ['WD']}, {'type': 'Drug', 'response': ['络合剂', '曲恩汀']}, {'type': 'Symptom', 'response': ['None']}]"
某些患者应用后出现血浆铁浓度下降青霉胺同时加用维生素B6</sub>，可避免维生素B6</sub>缺乏引起的癫痫发作，服用时加用左旋多巴疗效更好。,"[{'type': 'Disease', 'response': ['癫痫']}, {'type': 'Drug', 'response': ['维生素B6', '青霉胺', '左旋多巴', '血浆铁']}, {'type': 'Symptom', 'response': ['None']}]"
3.除严重肢体痉挛、畸形、严重构音障碍的脑型患者及对青霉胺过敏的患者慎用或不用外，其他类型患者均适用青霉胺。,"[{'type': 'Disease', 'response': ['畸形', '构音障碍', '脑型', '严重肢体痉挛']}, {'type': 'Drug', 'response': ['青霉胺']}, {'type': 'Symptom', 'response': ['None']}]"
综上所述，目前对SSPE的诊断只要具备相应的临床表现（不一定十分典型）以及脑脊液麻疹抗体升高两项条件即可建立诊断，如果还具备一些支持条件如麻疹病史或接种史、典型分期、脑电图异常脑脊液球蛋白升高异丙肌苷（isoprinosine）可能增加病人存活时间，对改善某些症状有所益处。,"[{'type': 'Disease', 'response': ['SSPE']}, {'type': 'Drug', 'response': ['异丙肌苷', 'isoprinosine']}, {'type': 'Symptom', 'response': ['脑脊液麻疹抗体升高', '脑电图异常脑脊液球蛋白升高']}]"
（一）感染儿童肾移植后的感染包括：细菌、真菌、病毒以及原虫等，多发生于尿路、肺部、伤口、动静脉瘘及中枢神经系统，其诱因包括导尿管的持续放置、大剂量激素的应用、粒细胞缺乏、肾周脓肿、尿瘘及糖尿病等。,"[{'type': 'Disease', 'response': ['感染', '糖尿病', '肾周脓肿', '尿瘘', '大剂量激素的应用', '肾移植', '病毒', '纤维瘤', '细菌', '真菌', '伤口', '肺部', '儿童', '动静脉瘘', '粒细胞缺乏', '伤口、动静脉瘘及中枢神经系统', '肾移植后的感染']}, {'type': 'Drug', 'response': ['None']}, {'type': 'Symptom', 'response': ['None']}]"
高血压常见于术后早期，与继发性肾动脉狭窄、大量糖皮质激素应用及排斥反应有关。,"[{'type': 'Disease', 'response': ['继发性肾动脉狭窄', '高血压']}, {'type': 'Drug', 'response': ['糖皮质激素']}, {'type': 'Symptom', 'response': ['None']}]"
DDAVP0.2～0.3μg/kg皮下注射或溶于20ml生理盐水中缓慢静注，可使60%～70%的储存池病病人改善临床出血症状，出血时间缩短或恢复正常，但对BSS及GT病人常无效。,"[{'type': 'Disease', 'response': ['BSS', 'GT', '储存池病']}, {'type': 'Drug', 'response': ['DDAVP', '生理盐水']}, {'type': 'Symptom', 'response': ['None']}]"
维生素B<sub>1</sub>缺乏使胃液中酸度降低，从而在胃肠道中维生素B<sub>1</sub>复合物内的维生素B<sub>1</sub>释放减少，影响了维生素B<sub>1</sub>的吸收。,"[{'type': 'Disease', 'response': ['None']}, {'type': 'Drug', 'response': ['维生素B<sub>1</sub>']}, {'type': 'Symptom', 'response': ['胃液中酸度降低', '维生素B<sub>1</sub>缺乏', '在胃肠道中维生素B<sub>1</sub>复合物内的维生素B<sub>1</sub>释放减少']}]"
（三）维生素B<sub>1</sub>药物的需要量增加儿童生长发育速度较快，需要量也相对较多；如小儿患结核、麻疹、水痘、肺炎以及高热时，或患有如甲状腺功能亢进等代谢率增加的疾病时，维生素B<sub>1</sub>的消耗增加，如此时未予及时补充，则造成维生素B<sub>1</sub>的缺乏。,"[{'type': 'Disease', 'response': ['麻疹', '肺炎', '高热', '甲状腺功能亢进', '结核']}, {'type': 'Drug', 'response': ['维生素B<sub>1</sub>']}, {'type': 'Symptom', 'response': ['None']}]"
对大剂量维生素B<sub>1</sub>治疗有效者考虑为维生素B<sub>1</sub>代谢有缺陷，对维生素B<sub>1</sub>无效者可能为丙酮酸脱羧酶缺少。,"[{'type': 'Disease', 'response': ['维生素B<sub>1</sub>代谢有缺陷', '丙酮酸脱羧酶缺少']}, {'type': 'Drug', 'response': ['维生素B<sub>1</sub>']}, {'type': 'Symptom', 'response': ['None']}]"
患者是否存在硫胺素需要量增加的因素，如生长发育阶段、发热及甲状腺功能亢进等。,"[{'type': 'Disease', 'response': ['甲状腺功能亢进']}, {'type': 'Drug', 'response': ['None']}, {'type': 'Symptom', 'response': ['硫胺素需要量增加', '发热']}]"
非HIV感染伴有中枢神经系统或其他症状的播散性隐球菌感染患者可用两性霉素B和氟胞嘧啶联合治疗。,"[{'type': 'Disease', 'response': ['播散性隐球菌感染', '非HIV感染']}, {'type': 'Drug', 'response': ['氟胞嘧啶', '两性霉素B']}, {'type': 'Symptom', 'response': ['None']}]"
当分流量＞30%，为严重低氧血症，只有吸入高浓度氧（FiO2</sub>＞0.5）才能维持。,"[{'type': 'Disease', 'response': ['严重低氧血症']}, {'type': 'Drug', 'response': ['高浓度氧']}, {'type': 'Symptom', 'response': ['None']}]"
4.药物性血小板减少性紫癜分为两种：①先天性：孕母多为过敏体质，在孕后期用过某种药物而被致敏，当再用同一药物时，会产生大量IgG抗体，通过胎盘进入胎儿，破坏血小板；②后天性：出生后新生儿用某些药物，如磺胺、地高辛、吲哚美辛等，产生抗血小板抗体，破坏血小板。,"[{'type': 'Disease', 'response': ['药物性血小板减少性紫癜', '前生性：出生后新生儿用某些药物，如磺胺、地高辛、吲哚美辛等，产生抗血小板抗体', '制, 损害血小板', '后天性', '多为过敏体质', '被致敏']}, {'type': 'Drug', 'response': ['None']}, {'type': 'Symptom', 'response': ['产生大量IgG抗体，通过胎盘进入胎儿，破坏血小板']}]"
（二）胃酸部分FD的患者会出现溃疡样症状，如饥饿痛，在进食后渐缓解，腹部有指点压痛制酸剂或抑酸药物症状可在短期内缓解。,"[{'type': 'Disease', 'response': ['溃疡', 'FD']}, {'type': 'Drug', 'response': ['制酸剂', '抑酸药物']}, {'type': 'Symptom', 'response': ['None']}]"
（三）溃疡样消化不良主要表现与十二指肠溃疡特点相同，夜间痛，饥饿痛，进食或服抗酸剂能缓解，可伴有反酸，少数患者伴胃灼热症状呈慢性周期性。,"[{'type': 'Disease', 'response': ['溃疡样消化不良', '十二指肠溃疡']}, {'type': 'Drug', 'response': ['抗酸剂']}, {'type': 'Symptom', 'response': ['None']}]"
5.抗焦虑药国内有人使用小剂量多虑平和多潘立酮结合心理疏导治疗功能性消化不良患者，发现对上腹痛嗳气等症状有明显的缓解作用，较之不使用多虑平的患者有明显提高。,"[{'type': 'Disease', 'response': ['功能性消化不良']}, {'type': 'Drug', 'response': ['小剂量多虑平', '多潘立酮']}, {'type': 'Symptom', 'response': ['None']}]"
钙离子拮抗剂（尼莫地平和氟桂利嗪）可以抑制钙离子内流，保护受损神经细胞，同时可预防血管痉挛及防治其引起的脑局部缺血缺氧；辅以使用自由基清除剂及维生素E，具有稳定细胞膜作用；根据癫痫的神经免疫损伤机制，有人主张静脉注射丙种球蛋白添加治疗婴儿痉挛与Lennox-Gastaut综合征［0.4g/（kg•d）×5天/疗程］取得一定疗效。,"[{'type': 'Disease', 'response': ['癫痫', '神经免疫损伤', '婴儿痉挛', '运动神经元坏死', 'Lennox-Gastaut综合征', '脑局部缺血缺氧', '神经细胞坏死']}, {'type': 'Drug', 'response': ['氟桂利嗪', '维生素E', '钙离子拮抗剂', '自由基清除剂', '丙种球蛋白', '尼莫地平']}, {'type': 'Symptom', 'response': ['None']}]"
粒细胞缺乏症多发生在服药开始几周或几个月，常伴有发热，故在治疗最初期间，应经常复查血常规，一旦白细胞低于4×109</sup>/L，应减少或停服抗甲状腺药物，并给予升白细胞药物（如鲨肝醇、利血生及MG-CSF等）治疗。,"[{'type': 'Disease', 'response': ['粒细胞缺乏症']}, {'type': 'Drug', 'response': ['升白细胞药物', 'MG-CSF', '鲸肝醇', '利血生', '抗甲状腺药物']}, {'type': 'Symptom', 'response': ['None']}]"
5.治疗过程中若出现甲低、甲状腺肿大或者突眼更明显者，应加服甲状腺素，并酌情减少甲巯咪唑用量。,"[{'type': 'Disease', 'response': ['甲低', '甲状腺肿大', '甲状腺素', '突眼']}, {'type': 'Drug', 'response': ['甲巯咪唑']}, {'type': 'Symptom', 'response': ['None']}]"
CT见肿瘤为高密度或等密度影，类圆形，边界清楚，周围水肿常为低密度。MRI瘤体呈长T1与长T2信号，注射Gd-DTPA（顺磁剂）后明显均一强化，少数可见厚薄不均的环状强化。,"[{'type': 'Disease', 'response': ['肿瘤']}, {'type': 'Drug', 'response': ['Gd-DTPA', '顺磁剂']}, {'type': 'Symptom', 'response': ['CT见肿瘤为高密度或等密度影，类圆形，边界清楚，周围水肿常为低密度', 'MRI瘤体呈长T1与长T2信号，注射Gd-DTPA（顺磁剂）后明显均一强化，少数可见厚薄不均的环状强化']}]"
（二）24小时尿钙测定定量当尿Ca＞4mg/（kg•d），可诊断高钙尿症，但尿钙排出量是受多种因素影响，如饮食中钙、钠、磷及蛋白质的含量，维生素D的摄入量等，一般上述检查应重复2次以上，排除各种已知病因引起的高钙尿后，可诊断为特发性高钙尿。,"[{'type': 'Disease', 'response': ['高钙尿', '高钙尿症', '特发性高钙尿']}, {'type': 'Drug', 'response': ['维生素D']}, {'type': 'Symptom', 'response': ['None']}]"
（四）口服锌或铁剂可减少钙的吸收而降低尿钙，适用于低锌血症或缺铁性贫血患儿。,"[{'type': 'Disease', 'response': ['缺铁性贫血', '低锌血症']}, {'type': 'Drug', 'response': ['铁剂', '锌']}, {'type': 'Symptom', 'response': ['None']}]"
尤其当胃肠道功能不成熟或者因疾病或手术前后不能耐受正常喂养时，往往营养素的需求是得不到满足的，可迅速发展为蛋白质-热能营养不良。,"[{'type': 'Disease', 'response': ['蛋白质-热能营养不良']}, {'type': 'Drug', 'response': ['营养素']}, {'type': 'Symptom', 'response': ['None']}]"
有高钙尿症者还需口服氢氯噻嗪，降低尿钙，以免形成肾脏钙化及肾结石。,"[{'type': 'Disease', 'response': ['高钙尿症', '肾结石']}, {'type': 'Drug', 'response': ['氢氯噻嗪']}, {'type': 'Symptom', 'response': ['None']}]"
糖皮质激素治疗RA价值有争议，成人RA的“强化治疗”理念认为“应依据病情活动度制订个体化的早期联合治疗方案，此后密切随访，根据疗效及时调整用药，使患者的病情活动度能在最快时间内达临床缓解，防止关节破坏及关节外损伤”。,"[{'type': 'Disease', 'response': ['关节外损伤', 'RA', '成人RA', '关节破坏']}, {'type': 'Drug', 'response': ['糖皮质激素']}, {'type': 'Symptom', 'response': ['None']}]"
内科的抗心力衰竭治疗包括地高辛及利尿剂的应用；在伴有主动脉弓中断时还应临时应用前列腺素E1，以保持动脉导管开放直至手术。,"[{'type': 'Disease', 'response': ['None']}, {'type': 'Drug', 'response': ['地高辛', '利尿剂', '前列腺素E1', '病人', '动脉导管']}, {'type': 'Symptom', 'response': ['None']}]"
对严重低白蛋白血症，或伴低血容量表现者可输注无盐白蛋白。,"[{'type': 'Disease', 'response': ['低白蛋白血症', '伴低血容量']}, {'type': 'Drug', 'response': ['无盐白蛋白']}, {'type': 'Symptom', 'response': ['None']}]"
处理原则与一般心力衰竭及心源性休克相似，包括洋地黄的应用、血管扩张剂、磷酸二酯酶抑制剂、利尿剂及扩容纠正酸中毒等，但在洋地黄应用时应注意在病毒性心肌炎急性期，心肌对洋地黄敏感，易出现毒性反应，应避免快饱和，用药剂量也应适当减少。,"[{'type': 'Disease', 'response': ['病毒性心肌炎', '心源性休克', '心力衰竭', '酸中毒']}, {'type': 'Drug', 'response': ['洋地黄', '磷酸二酯酶抑制剂', '利尿剂', '血管扩张剂']}, {'type': 'Symptom', 'response': ['None']}]"
有人用1-1羟化维生素D3治疗18例JAS，发现该药可降低CD4/CD8比例，血清IgG下降，骨质疏松减轻。,"[{'type': 'Disease', 'response': ['JAS', '骨质疏松']}, {'type': 'Drug', 'response': ['1-1羟化维生素D3']}, {'type': 'Symptom', 'response': ['None']}]"
（7）内皮素拮抗剂：内皮素为强烈的血管收缩剂，在PPHN患者血浆内皮素（ET-1）水平增高，在成人肺动脉高压，口服内皮素受体拮抗剂波生坦（bosentan）已用于临床。,"[{'type': 'Disease', 'response': ['肺动脉高压', '内皮素', '血管收缩', 'PPHN']}, {'type': 'Drug', 'response': ['bosentan', '内皮素受体拮抗剂', '内皮素', '内皮素拮抗剂', '波生坦']}, {'type': 'Symptom', 'response': ['None']}]"
咽痛者可含服咽喉片，严重者适当应用对乙酰氨基酚或布洛芬；如发生高热惊厥可予镇静、止惊等处理。,"[{'type': 'Disease', 'response': ['惊厥', '高热']}, {'type': 'Drug', 'response': ['布洛芬', '咽喉片', '对乙酰氨基酚']}, {'type': 'Symptom', 'response': ['None']}]"
细菌感染者，或病情重、有继发细菌感染可能，或有并发症者可选用抗菌药物，常用青霉素，疗程3～5日。,"[{'type': 'Disease', 'response': ['继发细菌感染', '细菌感染']}, {'type': 'Drug', 'response': ['青霉素', '抗菌药物']}, {'type': 'Symptom', 'response': ['None']}]"
原发性为常染色体显性或隐性遗传，继发性者常是由于其他疾病影响到肾小管功能所致，可见于高丙种球蛋白血症、原发性甲状旁腺功能亢进、维生素D中毒、移植肾排斥反应、髓质海绵肾、梗阻性肾病、特发性高钙尿症肾钙化、Wilson病、失盐性先天性肾上腺皮质增生症、药物及毒素导致肾损害（如锂、两性霉素B、甲苯及地高辛等）。,"[{'type': 'Disease', 'response': ['髓质海绵肾', '特发性高钙尿症肾钙化', '梗阻性肾病', 'Wilson病', '肾损害', '肾小管功能', '失盐性先天性肾上腺皮质增生症', '原发性甲状旁腺功能亢进', '维生素D中毒', '高丙种球蛋白血症', '移植肾排斥反应', '两性霉素B', '球蛋白及毒素', '甲苯', '地高辛', '先天性肾上腺皮质增生症', '原发性为常染色体显性或隐性遗传']}, {'type': 'Drug', 'response': ['None']}, {'type': 'Symptom', 'response': ['None']}]"
该类药物可单纯使用或与DDAVP合用；②口服避孕药：用于治疗月经过多；③肾上腺皮质激素：对产生vWF抗体者更为有效；④因慢性缺铁引起缺铁性贫血者，应给予铁剂治疗。,"[{'type': 'Disease', 'response': ['缺铁性贫血', '月经过多']}, {'type': 'Drug', 'response': ['肾上腺皮质激素', '避孕药', 'DDAVP', '铁剂']}, {'type': 'Symptom', 'response': ['None']}]"
放线菌素D可引起恶心、呕吐、口腔炎、腹泻、脱发和骨髓抑制等。,"[{'type': 'Disease', 'response': ['口腔炎', '腹泻']}, {'type': 'Drug', 'response': ['放线菌素D']}, {'type': 'Symptom', 'response': ['None']}]"
此外，还可见于低钾血症、深睡、昏迷、休克以及用大量镇静药等。,"[{'type': 'Disease', 'response': ['低钾血症', '休克']}, {'type': 'Drug', 'response': ['镇静药']}, {'type': 'Symptom', 'response': ['None']}]"
但当内外环境发生变化，身体防御能力下降时，如感冒、发热、感染、滥用抗生素及（或）肾上腺皮质激素、化疗和放疗等，口腔内细菌增殖活跃，毒力增强，菌群关系失调，就可发病。,"[{'type': 'Disease', 'response': ['感染', '发热', '感冒']}, {'type': 'Drug', 'response': ['肾上腺皮质激素', '抗生素']}, {'type': 'Symptom', 'response': ['None']}]"
临床特征为应用脂肪乳剂期间，患儿出现头痛、呕吐、贫血、血小板下降、凝血酶原时间延长、自发性出血、DIC及肝功能损害（表现为肝大、黄疸和血GPT升高）等，有作者称上述表现为脂肪超载综合征。,"[{'type': 'Disease', 'response': ['贫血', '脂肪超载综合征', '肝功能损害', 'DIC', '胆汁淤积综合征', '血小板下降', '肝大', '黄疸', '自发性出血', '头痛', '血GPT升高', '血小板下降、凝血酶原时间延长、自发性出血、DIC']}, {'type': 'Drug', 'response': ['脂肪乳剂']}, {'type': 'Symptom', 'response': ['None']}]"
根据目前国内检出病原（肺炎链球菌、脑膜炎双球菌及流感杆菌为主），首选头孢三嗪或头孢噻肟，头孢三嗪［100mg/（kg•d），分2次］，具有广谱、高效、半衰期长、对革兰阴性杆菌作用效果好以及使用方便等优点，已成为治疗婴幼儿化脓性脑膜炎的常用药物，但其可与胆红素竞争白蛋白，有增加核黄疸的危险，在新生儿黄疸时少用。,"[{'type': 'Disease', 'response': ['新生儿黄疸', '脑膜炎', '化脓性脑膜炎', '核黄疸', '肺炎链球菌', '流感杆菌', '胆红素', '脑膜炎双球菌']}, {'type': 'Drug', 'response': ['头孢噻肟', '头孢三嗪']}, {'type': 'Symptom', 'response': ['None']}]"
约有10%的川崎病患者尽管使用了免疫球蛋白但仍有持续发热。,"[{'type': 'Disease', 'response': ['川崎病']}, {'type': 'Drug', 'response': ['None']}, {'type': 'Symptom', 'response': ['持续发热']}]"
那些没有冠状动脉受累的患者或仅有急性期暂时性冠状动脉狭窄的患者不需要长期使用阿司匹林。,"[{'type': 'Disease', 'response': ['急性期暂时性冠状动脉狭窄']}, {'type': 'Drug', 'response': ['阿司匹林']}, {'type': 'Symptom', 'response': ['None']}]"
有冠状动脉持续狭窄或动脉瘤形成的患者，阿司匹林必须长期使用。,"[{'type': 'Disease', 'response': ['动脉瘤', '冠状动脉持续狭窄']}, {'type': 'Drug', 'response': ['阿司匹林']}, {'type': 'Symptom', 'response': ['None']}]"
正常菌群对肠黏液的正常发育有显著影响；同时参与食物的消化和吸收过程，双歧杆菌能分泌各种酶，将不溶性蛋白、脂肪和糖变为可溶性，以利新陈代谢；双歧杆菌促进铁、钙和维生素D吸收，防止佝偻病；双歧杆菌和大肠杆菌还可合成B族和K族维生素；正常菌群不仅是抗原，而且具有调节产生抗体的B细胞和T辅助细胞、巨噬细胞和肥大细胞的功能，产生特异和非特异性免疫功能，对侵入肠道的致病菌有一定的拮抗作用；当然在人体抵抗力下降或消化道功能紊乱时，菌群中许多致病菌大量繁殖进入小肠、胃或者肠管以外脏器，发生内源性感染。,"[{'type': 'Disease', 'response': ['佝偻病', '内源性感染', '消化道功能紊乱']}, {'type': 'Drug', 'response': ['铁', '钙', '维生素D']}, {'type': 'Symptom', 'response': ['None']}]"
3.目前对IAHS尚无特殊的治疗，若有EBV、CMV、腺病毒或其他病毒感染征象，则可考虑使用抗病毒药物如阿昔洛韦及干扰能联合治疗，也可同时考虑以上化疗以抑制病毒感染后异常反应的组织细胞。,"[{'type': 'Disease', 'response': ['EBV', '病毒感染', 'IAHS', 'CMV', '病毒感染征象', '组织细胞']}, {'type': 'Drug', 'response': ['阿昔洛韦', '干扰']}, {'type': 'Symptom', 'response': ['None']}]"
腹泻常见于90%患儿，可由多种因素所致，如大片肠黏膜功能紊乱、胆盐吸收障碍、细菌过度生长以及炎症性蛋白丢失等。,"[{'type': 'Disease', 'response': ['大片肠黏膜功能紊乱', '胆盐吸收障碍', '细菌过度生长', '炎症性蛋白丢失', '腹泻']}, {'type': 'Drug', 'response': ['None']}, {'type': 'Symptom', 'response': ['丢失']}]"
IBD患儿中生长激素水平是正常的，生长迟缓的原因是由于吸收不良，蛋白质丢失、热量摄入不足、蛋白质分解增加、多种维生素及微量元素缺乏等。,"[{'type': 'Disease', 'response': ['IBD']}, {'type': 'Drug', 'response': ['维生素', '微量元素']}, {'type': 'Symptom', 'response': ['吸收不良', '生长激素水平是正常的', '多种维生素及微量元素缺乏', '生长迟缓', '蛋白质丢失', '热量摄入不足', '蛋白质分解增加']}]"
频繁呕吐者应用适量解痉剂，并发感染者加用抗生素如甲硝唑等。,"[{'type': 'Disease', 'response': ['感染']}, {'type': 'Drug', 'response': ['甲硝唑', '解痉剂', '抗生素']}, {'type': 'Symptom', 'response': ['None']}]"
对结核性胸膜炎，在抗结核治疗同时可加用肾上腺皮质激素，以减轻中毒症状，促进胸水吸收，减少胸膜增厚和粘连的发生。,"[{'type': 'Disease', 'response': ['中毒', '结核', '胸膜增厚和粘连', '结核性胸膜炎']}, {'type': 'Drug', 'response': ['肾上腺皮质激素']}, {'type': 'Symptom', 'response': ['None']}]"
双嘧达莫（潘生丁）有抗血小板凝聚和扩张血管的作用，在DIC的治疗中也可取得良好效果，用法：10ml/（kg•d），静脉滴注。,"[{'type': 'Disease', 'response': ['DIC']}, {'type': 'Drug', 'response': ['双嘧达莫', '潘生丁']}, {'type': 'Symptom', 'response': ['None']}]"
若存在酸中毒，应静脉给予足量的碳酸氢钠，因为在这类疾病中有机酸和乳酸代谢产物是进行性增加的。,"[{'type': 'Disease', 'response': ['酸中毒']}, {'type': 'Drug', 'response': ['碳酸氢钠']}, {'type': 'Symptom', 'response': ['None']}]"
3.儿童处于生长发育期，因此更可能由于化疗药物及放疗对生长发育中的机体器官的损伤造成生长发育障碍及远期的脏器功能不良。,"[{'type': 'Disease', 'response': ['生长发育障碍', '脏器功能不良']}, {'type': 'Drug', 'response': ['化疗药物']}, {'type': 'Symptom', 'response': ['None']}]"
（4）胰岛素的注射方式有较多选择，如注射针、注射笔、无针喷射装置及胰岛素泵等，目前已经有较多青少年1型糖尿病患者采用胰岛素泵持续皮下输注胰岛素（CSII）疗法，用此法与传统的胰岛素注射方案比较，可以增加患者吃主餐和点心的时间灵活性，可以改善代谢，减少严重低血糖的危险。,"[{'type': 'Disease', 'response': ['1型糖尿病', '低血糖']}, {'type': 'Drug', 'response': ['胰岛素']}, {'type': 'Symptom', 'response': ['None']}]"
继发于感染等疾病的播散性血管内凝血（DIC）是由于凝血因子、血小板的大量消耗或纤溶亢进，导致严重的出血；使用抗凝药物引起出血者偶或见之。,"[{'type': 'Disease', 'response': ['感染', '播散性血管内凝血', 'DIC']}, {'type': 'Drug', 'response': ['抗凝药物']}, {'type': 'Symptom', 'response': ['None']}]"
长期禁盐，过多应用利尿剂以及呕吐、腹泻均可导致低钠血症及低钾血症。,"[{'type': 'Disease', 'response': ['低钠血症', '低钾血症']}, {'type': 'Drug', 'response': ['利尿剂']}, {'type': 'Symptom', 'response': ['None']}]"
积极治疗颅内感染；纠正代谢失常；对复杂性热性惊厥可预防性用药，每日口服苯巴比妥3mg/kg，或口服丙戊酸钠每日20～40mg/kg，疗程数月至1～2年，以免复发；对于癫痫患者强调规范用药。,"[{'type': 'Disease', 'response': ['复杂性热性惊厥', '癫痫', '颅内感染']}, {'type': 'Drug', 'response': ['苯巴比妥', '丙戊酸钠']}, {'type': 'Symptom', 'response': ['None']}]"
其他如氯米帕明（氯丙米嗪，起始剂量25mg，睡前服1次）和氟伏沙明治疗抽动-秽语综合征伴发强迫观念和行为有效的报道。,"[{'type': 'Disease', 'response': ['抽动-秽语综合征']}, {'type': 'Drug', 'response': ['氯米帕明', '氟伏沙明', '氯丙米嗪']}, {'type': 'Symptom', 'response': ['None']}]"
最近，Nagaoka等报道一种新型免疫抑制剂——咪唑立宾（mizoribine），用于儿童IgA肾病治疗，该药安全、易耐受，可长期服用，并能显著减少蛋白尿和血尿程度，重复肾活体组织检查证实肾组织病变程度减轻。,"[{'type': 'Disease', 'response': ['肾组织病变', '蛋白尿', '儿童IgA肾病']}, {'type': 'Drug', 'response': ['咪唑立宾', 'mizoribine']}, {'type': 'Symptom', 'response': ['None']}]"
中医中药治疗IgA肾病也有一定疗效，对于中等程度的蛋白尿，使用雷公藤多甙片1mg/（kg•d）治疗3个月，可获明显疗效。,"[{'type': 'Disease', 'response': ['蛋白尿', 'IgA肾病']}, {'type': 'Drug', 'response': ['雷公藤多甙片']}, {'type': 'Symptom', 'response': ['None']}]"
常见外源性诱因包括细菌、病毒等感染（脐炎、败血症、腹泻等）或药物（抗疟药、磺胺类、萘类等）所致，后者可因新生儿用药或母亲服药通过胎盘或母乳进入患儿体内引起。,"[{'type': 'Disease', 'response': ['脐炎', '腹泻', '败血症']}, {'type': 'Drug', 'response': ['磺胺类', '抗疟药', '萘类']}, {'type': 'Symptom', 'response': ['None']}]"
原有营养不良及佝偻病时更易出现，少数患儿可出现低镁血症，表现为手足震颤，舞蹈病样不随意运动，易受刺激，烦躁不安，严重者可发生惊厥，补充钙剂后症状无改善。,"[{'type': 'Disease', 'response': ['舞蹈病', '惊厥', '佝偻病', '低镁血症', '营养不良']}, {'type': 'Drug', 'response': ['钙剂']}, {'type': 'Symptom', 'response': ['None']}]"
包括：①维持水电解质平衡和适当的营养；②控制高热；③镇静剂与止惊剂的应用，适用于出现过度兴奋、多动或惊厥者；④病情监护，如出现昏迷或更严重的神经症状体征，则应按病毒性脑炎治疗。,"[{'type': 'Disease', 'response': ['惊厥', '病毒性脑炎']}, {'type': 'Drug', 'response': ['镇静剂', '止惊剂']}, {'type': 'Symptom', 'response': ['None']}]"
幽门螺杆菌感染与NSAIDs/ASA诱发的胃炎是消化性溃疡的两大潜在因素，所以对幽门螺杆菌阳性的溃疡患者亦予以幽门螺杆菌根除疗法；如果可能，停用ASA/NSAIDs。,"[{'type': 'Disease', 'response': ['幽门螺杆菌感染', '消化性溃疡', '溃疡', 'NSAIDs/ASA诱发的胃炎']}, {'type': 'Drug', 'response': ['ASA', 'NSAIDs']}, {'type': 'Symptom', 'response': ['None']}]"
一般用于紫癜性肾炎临床上大量蛋白尿的病人，对于病理Ⅲ级以上病人也应积极应用肾上腺皮质激素治疗，可显著改善预后，可选用泼尼松，剂量为2mg/（kg•d），疗程1～2周。,"[{'type': 'Disease', 'response': ['紫癜性肾炎']}, {'type': 'Drug', 'response': ['肾上腺皮质激素', '泼尼松']}, {'type': 'Symptom', 'response': ['None']}]"
对高热烦躁者给予解热镇静剂，避免使用阿司匹林（因其可能诱发Reye综合征）。,"[{'type': 'Disease', 'response': ['Reye综合征']}, {'type': 'Drug', 'response': ['解热镇静剂', '阿司匹林']}, {'type': 'Symptom', 'response': ['None']}]"
如有些快慢综合征的患儿用药物（普萘洛尔、奎尼丁、普鲁卡因胺）控制心动过速时可出现症状性心动过缓。,"[{'type': 'Disease', 'response': ['快慢综合征', '症状性心动过缓']}, {'type': 'Drug', 'response': ['普鲁卡因胺', '普萘洛尔', '奎尼丁', '普鲁卡因胺']}, {'type': 'Symptom', 'response': ['None']}]"
对表现为大量蛋白尿的HBV-GN，有人试用泼尼松短程疗法以减轻蛋白尿，但近年来研究认为HBV-GN对皮质激素多无任何效应，而且远期临床观察表明肾上腺皮质激素有弊无利，因此，应禁止单用肾上腺皮质激素治疗。,"[{'type': 'Disease', 'response': ['蛋白尿', 'HBV-GN']}, {'type': 'Drug', 'response': ['肾上腺皮质激素', '皮质激素', '泼尼松']}, {'type': 'Symptom', 'response': ['None']}]"
新生儿出生后一旦发现呼吸增快即开始抗生素治疗：大肠埃希菌等肠道杆菌肺炎可用氨苄西林和阿米卡星，耐药者可选用第三代头孢菌素；GBS肺炎可选用青霉素和氨苄西林治疗3天，以后用大剂量青霉素，疗程10～14天；李斯特菌肺炎可选用氨苄西林；衣原体肺炎首选红霉素；单纯疱疹病毒性肺炎可用阿昔洛韦静脉滴注。,"[{'type': 'Disease', 'response': ['大肠埃希菌等肠道杆菌肺炎', 'GBS肺炎', '李斯特菌肺炎', '单纯疱疹病毒性肺炎', '衣原体肺炎', '新生儿出生后一旦发现呼吸增快', '风湿热']}, {'type': 'Drug', 'response': ['青霉素', '头孢菌素', '氨苄西林', '红霉素', '阿昔洛韦', '阿米卡星']}, {'type': 'Symptom', 'response': ['None']}]"
有溶血诱因者应尽早尽快去除诱因，如冷抗体型自身免疫性溶血性贫血，应立即保暖，特别是使四肢温暖；由蚕豆病引起的溶血性贫血应避免食用蚕豆和氧化性药物；某药引起的溶血性贫血应立即停止用该药，输血引起溶血者应立即停止输血；感染引起的溶血性贫血应积极控制感染等。,"[{'type': 'Disease', 'response': ['蚕豆病', '感染', '溶血', '溶血性贫血', '冷抗体型自身免疫性溶血性贫血']}, {'type': 'Drug', 'response': ['氧化性药物']}, {'type': 'Symptom', 'response': ['None']}]"
有中至大型左向右分流，产生心力衰竭的婴儿，当可能出现缺损部分或完全自然关闭时，也可最初以药物治疗：①利尿剂降低心脏负荷和体循环静脉的充血状况。,"[{'type': 'Disease', 'response': ['心力衰竭']}, {'type': 'Drug', 'response': ['利尿剂']}, {'type': 'Symptom', 'response': ['None']}]"
室上速与室性心动过速（以下简称室速）的鉴别十分重要，因为地高辛可促使室速的患儿发生室性颤动。,"[{'type': 'Disease', 'response': ['室速', '室性心动过速', '室上速', '室性颤动']}, {'type': 'Drug', 'response': ['地高辛']}, {'type': 'Symptom', 'response': ['None']}]"
在1岁以下婴儿，维拉帕米可减少心输出量、发生低血压及心搏停止，因而维拉帕米在1岁以下年龄禁用。,"[{'type': 'Disease', 'response': ['低血压']}, {'type': 'Drug', 'response': ['维拉帕米']}, {'type': 'Symptom', 'response': ['None']}]"
如有预激综合征，地高辛或钙通道阻滞剂可增加旁道前传，应予避免。,"[{'type': 'Disease', 'response': ['预激综合征']}, {'type': 'Drug', 'response': ['地高辛', '钙通道阻滞剂']}, {'type': 'Symptom', 'response': ['None']}]"
临床上多数风湿性疾病活动期都有ESR加快，下列情况也可引起ESR加快，如贫血、药物（肝素及某些避孕药）、妊娠及高免疫球蛋白血症（多发性骨髓瘤，Waldenstroms巨球蛋白血症），甚至性别、年龄、种族和肥胖都会影响血沉结果。,"[{'type': 'Disease', 'response': ['贫血', '高免疫球蛋白血症', '患者', '多发性骨髓瘤', '患者', 'Waldenstroms巨球蛋白血症', '药物', '营养不良', '病毒感染', '药物（肝素及某些避孕药)', '患者', '肥胖', '风湿性疾病']}, {'type': 'Drug', 'response': ['None']}, {'type': 'Symptom', 'response': ['ESR加快']}]"
迟发型者约90%以上见于单纯母乳喂养儿，单纯母乳喂养儿维生素K缺乏性出血的机会是人工喂养儿的15～20倍，如合并腹泻、使用抗生素、肝胆疾病和长期禁食患儿更易发生，常见急性或亚急性颅内出血，以蛛网膜下腔、硬膜下、硬膜外出血为多见，脑室、脑实质出血少见，临床上有严重的中枢神经系统功能失常及颅内高压的表现，表现为高声尖叫、频繁呕吐、反复抽搐，严重的患儿可出现昏迷。,"[{'type': 'Disease', 'response': ['脑室、脑实质出血', '脑室、脑实质出血少见', '脑室、脑实质出血', '颅内高压', '中枢神经系统功能失常', '脑室、硬膜下、硬膜外出血', '晕', '亚急性颅内出血', '维生素K缺乏性出血', '腹泻']}, {'type': 'Drug', 'response': ['抗生素']}, {'type': 'Symptom', 'response': ['None']}]"
脑水肿的处理可用肾上腺皮质激素，如颅内压增高较明显可静脉推注脱水剂或利尿剂。,"[{'type': 'Disease', 'response': ['脑水肿', '颅内压增高']}, {'type': 'Drug', 'response': ['肾上腺皮质激素', '利尿剂', '脱水剂']}, {'type': 'Symptom', 'response': ['None']}]"
具体为：①急性期后临床表现为肾小球肾炎或蛋白尿、血尿者用雷公藤多苷治疗；②急性期后表现为肾病综合征者用泼尼松治疗；③有条件者行肾活检检查，根据病理改变调整治疗方案，如有新月体形成或局灶节段性肾小球硬化者加用甲基泼尼松龙和（或）环磷酰胺冲击治疗；④对治疗无反应、仍呈肾功能进行性减退者停用激素和免疫抑制剂，以对症和肾替代疗法为主。,"[{'type': 'Disease', 'response': ['肾病综合征', '肾小球肾炎', '肾功能进行性减退', '蛋白尿', '肾功能减退', '肾小球硬化']}, {'type': 'Drug', 'response': ['环磷酰胺', '雷公藤多苷', '甲基泼尼松龙', '泼尼松', '免疫抑制剂']}, {'type': 'Symptom', 'response': ['None']}]"
严重巨幼红细胞贫血病儿在治疗开始48小时，血钾可突然下降，加之心肌因慢性缺氧，可发生突然死亡，严重巨幼红细胞性贫血患儿，治疗时应同时补充钾盐。,"[{'type': 'Disease', 'response': ['严重巨幼红细胞贫血', '严重巨幼红细胞性贫血']}, {'type': 'Drug', 'response': ['钾盐']}, {'type': 'Symptom', 'response': ['None']}]"
对于生后体重低于1000g的早产儿在出生10天内静脉滴注吲哚美辛可有效关闭动脉导管。,"[{'type': 'Disease', 'response': ['早产儿']}, {'type': 'Drug', 'response': ['吲哚美辛']}, {'type': 'Symptom', 'response': ['None']}]"
常见促使发病的因素包括早产儿、新生儿、营养不良及久病虚弱，慢性消耗性疾病如恶性肿瘤，影响免疫功能的单核-吞噬细胞系统疾患及血液病，代谢性疾病及肾衰竭，长期使用肾上腺皮质激素及其他免疫抑制剂，先天性免疫功能缺陷，长期使用广谱抗生素等。,"[{'type': 'Disease', 'response': ['代谢性疾病', '恶性肿瘤', '先天性免疫功能缺陷', '血液病', '营养不良', '肾衰竭', '单核-吞噬细胞系统疾患', '早产儿', '慢性消耗性疾病', '长期使用肾上腺皮质激素', '长期使用广谱抗生素']}, {'type': 'Drug', 'response': ['免疫抑制剂']}, {'type': 'Symptom', 'response': ['None']}]"
（3）应用L-ASP时宜低脂饮食，减少合并急性胰腺炎的机会；注意血白蛋白水平，明显低下时及时补充，以避免低蛋白血症加重感染。,"[{'type': 'Disease', 'response': ['急性胰腺炎', '低蛋白血症', '感染']}, {'type': 'Drug', 'response': ['L-ASP']}, {'type': 'Symptom', 'response': ['None']}]"
曲恩汀的不良反应小，主要毒性是骨髓抑制、肾毒性、皮肤黏膜病变及缺铁性贫血。,"[{'type': 'Disease', 'response': ['None']}, {'type': 'Drug', 'response': ['曲恩汀']}, {'type': 'Symptom', 'response': ['None']}]"
③舞蹈样动作和手足徐动症可选用地西泮，也可选用小量氟哌啶醇合用苯海索。,"[{'type': 'Disease', 'response': ['手足徐动症']}, {'type': 'Drug', 'response': ['苯海索', '地西泮', '氟哌啶醇']}, {'type': 'Symptom', 'response': ['None']}]"
病初阶段与两性霉素B联合应用能更快使脑脊液转阴，并减少两性霉素B的用量和毒副作用，是治疗中枢神经系统隐球菌病的首选药物之一。,"[{'type': 'Disease', 'response': ['中枢神经系统隐球菌病']}, {'type': 'Drug', 'response': ['两性霉素B']}, {'type': 'Symptom', 'response': ['None']}]"
